model_id,model_name,processor,original_price,screen_size,memory,release_date,battery_size,storage,colour,company_id
1,VIVO T1 44W ,Qualcomm Snapdragon 680,19990,16.36,4,2020/1/1,5000,128,Starry Sky,19
2,APPLE IPHONE 11 ,A Bionic Chip,48900,15.49,4,2021/1/4,5000,128,White,1
3,VIVO T1 44W ,Qualcomm Snapdragon 680,20990,16.36,6,2021/1/5,5000,128,Midnight Galaxy,19
4,POCO M4 5G ,Mediatek Dimensity 700,15999,16.71,4,2021/1/6,5000,64,Power Black,15
5,REDMI 10 ,Qualcomm Snapdragon 680,14999,17.02,4,2021/1/7,6000,64,Caribbean Green,20
6,POCO M4 5G ,Mediatek Dimensity 700,15999,16.71,4,2021/1/8,5000,64,Cool Blue,15
7,POCO C31 ,MediaTek Helio G35,11999,16.59,4,2021/1/11,5000,64,Shadow Gray,15
8,POCO M4 5G ,Mediatek Dimensity 700,15999,16.71,4,2021/1/12,5000,64,Yellow,15
9,REDMI 10 ,Qualcomm Snapdragon 680,14999,17.02,4,2021/1/13,6000,64,Midnight Black,20
10,VIVO T1 44W ,Qualcomm Snapdragon 680,23990,16.36,8,2021/1/14,5000,128,Midnight Galaxy,19
11,VIVO T1 44W ,Qualcomm Snapdragon 680,20990,16.36,6,2021/1/15,5000,128,Starry Sky,19
12,INFINIX HOT 20 PLAY ,MediaTek G37,11999,17.32,4,2021/1/18,6000,64,Racing Black,4
13,INFINIX HOT 20 PLAY ,MediaTek G37,11999,17.32,4,2021/1/19,6000,64,Luna Blue,4
14,INFINIX HOT 20 PLAY ,MediaTek G37,11999,17.32,4,2021/1/20,6000,64,Fantasy Purple,4
15,REDMI 9I SPORT ,MediaTek Helio G25,9999,16.59,4,2021/1/13,5000,64,Carbon Black,20
16,INFINIX HOT 20 PLAY ,MediaTek G37,11999,17.32,4,2021/1/14,6000,64,Aurora Green,4
17,POCO C31 ,MediaTek Helio G35,10999,16.59,3,2021/1/15,5000,32,Shadow Gray,15
18,POCO C31 ,MediaTek G35,11999,16.59,4,2021/1/16,5000,64,Royal Blue,15
19,APPLE IPHONE 11 ,A Bionic Chip,43900,15.49,3,2021/1/4,5000,64,White,1
20,MOTOROLA G52 ,Qualcomm Snapdragon 680,17999,16.76,4,2020/4/19,5000,64,Charcoal Grey,10
21,MOTOROLA G62 5G ,Qualcomm Snapdragon 695 5G,24999,16.64,8,2020/4/19,5000,128,Midnight Gray,10
22,REALME C30 ,Unisoc T612,9299,16.51,3,2019/5/15,5000,32,Bamboo Green,16
23,REALME C30 ,Unisoc T612,8499,16.51,2,2019/5/15,5000,32,Lake Blue,16
24,VIVO T1 44W ,Qualcomm Snapdragon 680,23990,16.36,8,2021/1/15,5000,128,Starry Sky,19
25,REALME C30 ,Unisoc T612,9299,16.51,3,2019/5/15,5000,32,Lake Blue,16
26,REALME C30 ,Unisoc T612,9299,16.51,3,2019/5/15,5000,32,Denim Black,16
27,POCO M4 PRO ,Mediatek Helio G96,17999,16.33,6,2019/5/16,5000,64,Cool Blue,15
28,MOTOROLA G32 ,Qualcomm Snapdragon 680,16999,16.64,4,2020/4/19,5000,64,Mineral Gray,10
29,SAMSUNG GALAXY F13 ,Exynos 850,14999,16.76,4,2022/6/12,6000,64,Waterfall Blue,17
30,MOTOROLA G52 ,Qualcomm Snapdragon 680,19999,16.76,6,2020/4/19,5000,128,Metallic White,10
31,MOTOROLA G32 ,Qualcomm Snapdragon 680,16999,16.64,4,2020/4/19,5000,64,Satin Silver,10
32,APPLE IPHONE 14 ,"A Bionic Chip,  Core",79900,15.49,4,2021/1/4,5000,128,Midnight,1
33,POCO M4 PRO ,Mediatek Helio G96,19999,16.33,6,2021/1/5,5000,128,Cool Blue,15
34,SAMSUNG GALAXY F13 ,Exynos 850,16999,16.76,4,2022/6/12,6000,128,Nightsky Green,17
35,REDMI 10 ,Qualcomm Snapdragon 680,16999,17.02,6,2021/1/13,6000,128,Midnight Black,20
36,POCO M4 PRO 5G ,Mediatek Dimensity 810,19999,16.76,6,2021/1/14,5000,128,Cool Blue,15
37,MOTOROLA G31 ,Mediatek Helio G85,13999,16.26,4,2020/4/19,5000,64,Baby Blue,10
38,APPLE IPHONE 14 ,"A Bionic Chip,  Core",79900,15.49,6,2021/1/4,5000,128,Starlight,1
39,SAMSUNG GALAXY F23 5G ,Qualcomm Snapdragon 750G,23999,16.76,6,2022/6/12,5000,128,Aqua Blue,17
40,SAMSUNG GALAXY F13 ,Exynos 850,14999,16.76,4,2022/6/12,6000,64,Nightsky Green,17
41,POCO M4 5G ,Mediatek Dimensity 700,18999,16.71,6,2022/6/13,5000,128,Power Black,15
42,POCO C31 ,MediaTek Helio G35,10999,16.59,3,2022/6/14,5000,32,Royal Blue,15
43,INFINIX NOTE 12I ,Mediatek Helio G85,12999,17.02,4,2022/6/15,5000,64,Metaverse Blue,4
44,INFINIX NOTE 12I ,Mediatek Helio G85,12999,17.02,4,2022/6/16,5000,64,Force Black,4
45,INFINIX HOT 12 ,Meditek Helio G37,12999,17.32,4,2022/6/17,6000,64,Purple,4
46,INFINIX HOT 12 ,Meditek Helio G37,12999,17.32,4,2022/6/18,6000,64,Exploratory Blue,4
47,REDMI 10 ,Qualcomm Snapdragon 680,14999,17.02,4,2021/1/13,6000,64,Pacific Blue,20
48,APPLE IPHONE 11 ,A Bionic Chip,43900,15.49,6,2021/1/4,6000,64,Black,1
49,SAMSUNG GALAXY F23 5G ,Qualcomm Snapdragon 750G,23999,16.76,6,2022/6/12,5000,128,Forest Green,17
50,SAMSUNG GALAXY F23 5G ,Qualcomm Snapdragon 750G,22690,16.76,6,2022/6/12,5000,128,Aqua Blue,17
51,MOTOROLA G62 5G ,Qualcomm Snapdragon 695 5G,24999,16.64,8,2020/4/19,5000,128,Frosted Blue,10
52,MOTOROLA G31 ,Mediatek Helio G85,13999,16.26,4,2020/4/19,5000,64,Meteorite Grey,10
53,INFINIX SMART 6 HD ,Mediatek Helio A22,8999,16.76,2,2020/4/20,5000,32,Force Black,4
54,INFINIX SMART 6 HD ,Mediatek Helio A22,8999,16.76,2,2020/4/21,5000,32,Aqua Sky,4
55,INFINIX SMART 6 HD ,Mediatek Helio A22,8999,16.76,2,2020/4/22,5000,32,Origin Blue,4
56,SAMSUNG GALAXY F13 ,Exynos 850,14999,16.76,4,2022/6/12,6000,64,Sunrise Copper,17
57,POCO M4 5G ,Mediatek Dimensity 700,18999,16.71,6,2022/6/13,5000,128,Cool Blue,15
58,APPLE IPHONE 14 ,"A Bionic Chip,  Core",79900,15.49,4,2021/1/4,5000,128,Purple,1
59,SAMSUNG GALAXY F13 ,Exynos 850,16999,16.76,4,2022/6/12,6000,128,Waterfall Blue,17
60,MOTOROLA E40 ,UNISOC T700,10999,16.51,4,2020/4/19,5000,64,Carbon Gray,10
61,INFINIX HOT 12 ,Meditek Helio G37,12999,17.32,4,2020/4/20,6000,64,Polar Black,4
62,INFINIX HOT 12 ,Meditek Helio G37,12999,17.32,4,2020/4/21,6000,64,Turquoise Cyan,4
63,REDMI 9I SPORT ,MediaTek Helio G25,9999,16.59,4,2021/1/13,5000,64,Coral Green,20
64,SAMSUNG GALAXY F23 5G ,Qualcomm Snapdragon 750G,23999,16.76,6,2022/6/12,5000,128,Copper Blush,17
65,MOTOROLA E13 ,Unisoc T606,10999,16.51,4,2020/4/19,5000,64,Cosmic Black,10
66,REALME C30 - LOCKED WITH AIRTEL PREPAID ,Unisoc T612,8499,16.51,2,2019/5/15,5000,32,Denim Black,16
67,POCO M4 PRO ,Mediatek Helio G96,17999,16.33,6,2019/5/16,5000,64,Yellow,15
68,MOTOROLA E13 ,Unisoc T606,10999,16.51,4,2020/4/19,5000,64,Creamy White,10
69,POCO M4 PRO 5G ,Mediatek Dimensity 810,21999,16.76,8,2020/4/20,5000,128,Power Black,15
70,POCO M4 PRO 5G ,Mediatek Dimensity 810,16999,16.76,4,2020/4/21,5000,64,Cool Blue,15
71,POCO X4 PRO 5G ,Qualcomm Snapdragon 695 5G,23999,16.94,6,2020/4/22,5000,128,Laser Black,15
72,SAMSUNG GALAXY F04 ,Mediatek Helio P35,11499,16.51,4,2022/6/12,5000,64,Opal Green,17
73,POCO X4 PRO 5G ,Qualcomm Snapdragon 695 5G,23999,16.94,6,2022/6/13,5000,128,Laser Blue,15
74,REALME C30 ,Unisoc T612,8499,16.51,2,2019/5/15,5000,32,Bamboo Green,16
75,REALME C30 ,Unisoc T612,8499,16.51,2,2019/5/15,5000,32,Denim Black,16
76,SAMSUNG GALAXY F04 ,Mediatek Helio P35,11499,16.51,4,2022/6/12,5000,64,Jade Purple,17
77,APPLE IPHONE 14 ,"A Bionic Chip,  Core",79900,15.49,6,2021/1/4,5000,128,Blue,1
78,INFINIX NOTE 12I ,Mediatek Helio G85,12999,17.02,4,2021/1/5,5000,64,Alpine White,4
79,OPPO A17K ,Mediatek Helio P35,12999,16.66,3,2021/1/6,5000,64,Gold,14
80,REALME 10 PRO+ 5G ,Mediatek Dimensity 1080 5G,27999,17.02,8,2019/5/15,5000,128,Dark Matter,16
81,REDMI NOTE 10S ,Mediatek Helio G95,16999,16.33,6,2021/1/13,5000,64,Frost White,20
82,POCO X4 PRO 5G ,Qualcomm Snapdragon 695 5G,25999,16.94,8,2021/1/14,5000,128,Laser Blue,15
83,MOTOROLA G82 5G ,Qualcomm Snapdragon 695 5G,23999,16.76,6,2021/1/15,5000,128,Meterorite Grey,10
84,POCO C50 ,"Mediatek Helio A22, Upto 2.0 GHz",9999,16.56,3,2021/1/16,5000,32,Country Green,15
85,MOTOROLA G82 5G ,Qualcomm Snapdragon 695 5G,25999,16.76,8,2020/4/19,5000,128,White Lily,10
86,VIVO T1X ,Qualcomm Snapdragon 680,17990,16.71,4,2021/1/15,5000,128,Gravity Black,19
87,VIVO T1X ,Qualcomm Snapdragon 680,16990,16.71,4,2021/1/15,5000,64,Space Blue,19
88,VIVO T1X ,Qualcomm Snapdragon 680,16990,16.71,4,2021/1/15,5000,64,Gravity Black,19
89,REDMI 10A ,Mediatek Helio G95,11999,16.59,4,2021/1/13,5000,64,Slate grey,20
90,REDMI NOTE 11 SE ,Mediatek Helio G95 Octa Core,16999,16.33,6,2021/1/13,5000,64,Cosmic White,20
91,ONEPLUS NORD CE 2 LITE 5G ,Mediatek Helio P35,19999,16.74,6,2021/1/14,5000,128,Blue Tide,13
92,REALME C33 ,Unisoc T612,11999,16.51,3,2021/1/15,5000,32,Night Sea,16
93,REALME C33 ,Unisoc T612,11999,16.51,3,2019/5/15,5000,32,Sandy Gold,16
94,REALME C33 ,Unisoc T612,11999,16.51,3,2019/5/15,5000,32,Aqua Blue,16
95,GOOGLE PIXEL 6A ,Google Tensor,43999,15.6,6,2019/5/16,4410,128,Chalk,2
96,MOTOROLA G31 ,Mediatek Helio G85,16999,16.26,6,2020/4/19,5000,128,Baby Blue,10
97,REALME NARZO 50 ,Mediatek Helio G96,15999,16.76,4,2019/5/15,5000,64,Speed Blue,16
98,REALME NARZO 50 ,Mediatek Helio G96,15999,16.76,4,2019/5/15,5000,64,Speed Black,16
99,POCO C50 ,"Mediatek Helio A22, Upto 2.0 GHz",9999,16.56,3,2019/5/16,5000,32,Royal Blue,15
100,OPPO F19 PRO+ 5G ,MediaTek Dimensity 800U,29990,16.33,8,2019/5/17,4310,128,Fluid Black,14
101,POCO M4 PRO 5G ,Mediatek Dimensity 810,16999,16.76,4,2019/5/18,5000,64,Yellow,15
102,OPPO K10 5G ,Mediatek Dimensity 810,25999,16.66,8,2019/5/19,5000,128,Midnight Black,14
103,VIVO T1X ,Qualcomm Snapdragon 680,17990,16.71,4,2021/1/15,5000,128,Space Blue,19
104,MOTOROLA G22 ,Mediatek Helio G37,13999,16.51,4,2020/4/19,5000,64,Cosmic Black,10
105,INFINIX HOT 20 5G ,Dimensity 810,19999,16.76,6,2020/4/20,5000,128,Blaster Green,4
106,VIVO T1X ,Qualcomm Snapdragon 680,18990,16.71,6,2021/1/15,5000,128,Space Blue,19
107,REALME 10 PRO 5G ,Qualcomm Snapdragon 695 5G,22999,17.07,8,2019/5/15,5000,128,Nebula Blue,16
108,REALME 10 PRO 5G ,Qualcomm Snapdragon 695 5G,20999,17.07,6,2019/5/15,5000,128,Hyperspace,16
109,REALME 10 PRO 5G ,Qualcomm Snapdragon 695 5G,20999,17.07,6,2019/5/15,5000,128,Dark Matter,16
110,REALME 10 PRO 5G ,Qualcomm Snapdragon 695 5G,20999,17.07,6,2019/5/15,5000,128,Nebula Blue,16
111,MOTOROLA E13 ,Unisoc T606,10999,16.51,4,2020/4/19,5000,64,Aurora Green,10
112,ONEPLUS NORD CE 2 LITE 5G ,Mediatek Dimensity 810,19999,16.74,6,2020/4/20,5000,128,Black Dusk,13
113,APPLE IPHONE 11 ,A Bionic Chip,48900,15.49,6,2021/1/4,5000,128,Black,1
114,REDMI 10A ,Mediatek Helio G95 Octa Core,10499,16.59,3,2021/1/13,5000,32,Charcoal Black,20
115,APPLE IPHONE 12 ,A Bionic Chip with Next Generation Neural Engine,64900,15.49,3,2021/1/4,5000,128,Black,1
116,REALME C35 ,Unisoc Tiger T616,13999,16.76,4,2019/5/15,5000,64,Glowing Black,16
117,REALME C30S ,Unisoc SC9863A/ Unisoc SC9863A1,9999,16.51,2,2019/5/15,5000,32,Stripe Blue,16
118,MOTOROLA G82 5G ,Qualcomm Snapdragon 695 5G,25999,16.76,8,2020/4/19,5000,128,Meterorite Grey,10
119,REALME C33 ,Unisoc T612,12999,16.51,4,2019/5/15,5000,64,Aqua Blue,16
120,REDMI 10 PRIME ,Helio G88,16999,16.51,6,2021/1/13,6000,128,Astral White,20
121,REALME C33 ,Unisoc T612,12999,16.51,4,2019/5/15,5000,64,Night Sea,16
122,REALME C33 ,Unisoc T612,12999,16.51,4,2019/5/15,5000,64,Sandy Gold,16
123,REDMI 9I ,MediaTek Helio G25,9999,16.59,4,2021/1/13,5000,64,Midnight Black,20
124,POCO M4 PRO ,Mediatek Helio G96,21999,16.33,8,2021/1/14,5000,128,Power Black,15
125,MOTOROLA G22 ,Mediatek Helio G37,13999,16.51,4,2020/4/19,5000,64,Iceberg Blue,10
126,VIVO T1X ,Qualcomm Snapdragon 680,18990,16.71,6,2021/1/15,5000,128,Gravity Black,19
127,REDMI NOTE 12 PRO 5G ,Mediatek Dimensity 1080,27999,16.94,6,2021/1/13,5000,128,Stardust Purple,20
128,REALME C35 ,Unisoc Tiger T616,13999,16.76,4,2019/5/15,5000,64,Glowing Green,16
129,MOTOROLA G42 ,Qualcomm Snapdragon 680,16999,16.43,4,2020/4/19,5000,64,Metallic Rose,10
130,POCO M4 PRO 5G ,Mediatek Dimensity 810,19999,16.76,6,2020/4/20,5000,128,Yellow,15
131,POCO C50 ,"Mediatek Helio A22, Upto 2.0 GHz",8999,16.56,2,2020/4/21,5000,32,Country Green,15
132,POCO C50 ,"Mediatek Helio A22, Upto 2.0 GHz",8999,16.56,2,2020/4/22,5000,32,Royal Blue,15
133,REDMI 9 ACTIV ,Mediatek Helio G35,12999,16.59,6,2021/1/13,5000,128,Coral Green,20
134,MOTOROLA E32 ,Mediatek Helio G37,11999,16.51,4,2020/4/19,5000,64,Arctic Blue,10
135,SAMSUNG GALAXY M13 ,Mediatek Helio P35,14999,16.76,4,2022/6/12,6000,64,Aqua Green,17
136,REDMI NOTE 11 ,Mediatek Helio G35,18999,16.33,6,2021/1/13,5000,64,Starburst White,20
137,REDMI NOTE 11 ,Mediatek Helio G35,17999,16.33,4,2021/1/13,5000,64,Space Black,20
138,GOOGLE PIXEL 6A ,Google Tensor,43999,15.6,6,2021/1/14,4410,128,Charcoal,2
139,OPPO F21 PRO ,Mediatek Dimensity 810,27999,16.33,8,2021/1/15,4500,128,Sunset Orange,14
140,INFINIX HOT 12 PRO ,Unisoc T616,13999,16.76,6,2021/1/16,5000,64,Lightsaber Green,4
141,SAMSUNG GALAXY F23 5G ,Qualcomm Snapdragon 750G,22999,16.76,4,2022/6/12,5000,128,Aqua Blue,17
142,APPLE IPHONE 13 ,A Bionic Chip,69900,15.49,3,2021/1/4,5000,128,Pink,1
143,INFINIX HOT 12 PRO ,Unisoc T616,13999,16.76,6,2021/1/5,5000,64,Electric Blue,4
144,APPLE IPHONE 13 ,A Bionic Chip,69900,15.49,4,2021/1/4,5000,128,Blue,1
145,REALME NARZO 50 ,Mediatek Helio G96,17999,16.76,6,2019/5/15,5000,128,Speed Black,16
146,REALME 9I 5G ,Mediatek Dimensity 810 5G,17999,16.76,4,2019/5/15,5000,64,Rocking Black,16
147,REALME NARZO 50 ,Mediatek Helio G96,17999,16.76,6,2019/5/15,5000,128,Speed Blue,16
148,INFINIX NOTE 12 5G ,Mediatek Dimensity 810 5G,19999,17.02,6,2019/5/16,5000,64,Force Black,4
149,INFINIX NOTE 12 5G ,Mediatek Dimensity 810 5G,19999,17.02,6,2019/5/17,5000,64,Snowfall,4
150,OPPO K10 5G ,Mediatek Dimensity 810,25999,16.66,8,2019/5/18,5000,128,Ocean Blue,14
151,REDMI 9I SPORT ,MediaTek Helio G25,9999,16.59,4,2021/1/13,5000,64,Metallic Blue,20
152,ONEPLUS NORD CE 2 LITE 5G ,Mediatek Dimensity 810,19999,16.74,6,2021/1/14,5000,128,Blue Tide,13
153,OPPO F19 PRO+ 5G ,MediaTek Dimensity 800U,29990,16.33,8,2021/1/15,4310,128,Space Silver,14
154,SAMSUNG GALAXY A03 CORE ,Qualcomm Snapdragon 750G,10499,16.51,2,2022/6/12,5000,32,Mint,17
155,OPPO A17 ,Mediatek Helio G35,14999,16.66,4,2022/6/13,5000,64,Midnight Black,14
156,REALME C35 ,Unisoc Tiger T616,14999,16.76,4,2019/5/15,5000,128,Glowing Green,16
157,REALME C35 ,Unisoc Tiger T616,14999,16.76,4,2019/5/15,5000,128,Glowing Black,16
158,REALME C35 ,Unisoc Tiger T616,15999,16.76,6,2019/5/15,5000,128,Glowing Black,16
159,VIVO T1 5G ,Qualcomm Snapdragon 695,19990,16.71,4,2021/1/15,5000,128,Starlight Black,19
160,REDMI 10 ,Qualcomm Snapdragon 680,16999,17.02,6,2021/1/13,6000,128,Caribbean Green,20
161,INFINIX HOT 20 5G ,Dimensity 810,19999,16.76,6,2021/1/14,5000,128,Space Blue,4
162,APPLE IPHONE 13 ,A Bionic Chip,69900,15.49,4,2021/1/4,5000,128,Starlight,1
163,REALME C30S ,Unisoc SC9863A/ Unisoc SC9863A1,9999,16.51,2,2019/5/15,5000,32,Stripe Black,16
164,POCO M4 PRO ,Mediatek Helio G96,19999,16.33,6,2019/5/16,5000,128,Yellow,15
165,REALME 9I 5G ,Mediatek Dimensity 810 5G,17999,16.76,4,2019/5/15,5000,64,Metallica Gold,16
166,MOTOROLA G62 5G ,Qualcomm Snapdragon 695 5G,21999,16.64,6,2020/4/19,5000,128,Frosted Blue,10
167,REALME 10 ,Mediatek Helio G99 Octa Core,15999,16.26,4,2019/5/15,5000,64,Clash White,16
168,REALME 10 ,Mediatek Helio G99 Octa Core,15999,16.26,4,2019/5/15,5000,64,Rush Black,16
169,REALME 10 ,Mediatek Helio G99 Octa Core,19999,16.26,8,2019/5/15,5000,128,Rush Black,16
170,REDMI A1 ,Qualcomm Snapdragon 680,8999,16.56,2,2021/1/13,5000,32,Light Green,20
171,MOTOROLA G72 ,Mediatek Helio G99,21999,16.64,6,2020/4/19,5000,128,Polar Blue,10
172,POCO X5 PRO 5G ,Qualcomm Snapdragon 778G,28999,16.94,8,2020/4/20,5000,256,Yellow,15
173,REALME 10 PRO+ 5G ,Mediatek Dimensity 1080 5G,25999,17.02,6,2019/5/15,5000,128,Dark Matter,16
174,SAMSUNG GALAXY F23 5G ,Qualcomm Snapdragon 750G,22999,16.76,4,2022/6/12,5000,128,Copper Blush,17
175,MOTOROLA G82 5G,Qualcomm Snapdragon 695 5G,23999,16.76,6,2020/4/19,5000,128,White Lily,10
176,POCO X5 PRO 5G ,Qualcomm Snapdragon 778G,28999,16.94,8,2020/4/20,5000,256,Horizon Blue,15
177,REDMI A1 ,Qualcomm Snapdragon 680,8999,16.56,2,2021/1/13,5000,32,Black,20
178,REALME C31 ,Unisoc T612,10999,16.56,3,2019/5/15,5000,32,Light Silver,16
179,REALME C31 ,Unisoc T612,10999,16.56,3,2019/5/15,5000,32,Dark Green,16
180,POCO M4 PRO 5G ,Mediatek Dimensity 810,21999,16.76,8,2019/5/16,5000,128,Cool Blue,15
181,OPPO A17 ,Mediatek Helio G35,14999,16.66,4,2019/5/17,5000,64,Sunlight Orange,14
182,REDMI 9 ACTIV ,Mediatek Helio G35,12999,16.59,6,2021/1/13,5000,128,Carbon Black,20
183,POCO X5 PRO 5G ,Qualcomm Snapdragon 778G,28999,16.94,8,2021/1/14,5000,256,Astral Black,15
184,OPPO RENO8T 5G ,Qualcomm Snapdragon 695,38999,17.02,8,2021/1/15,4800,128,Midnight Black,14
185,OPPO F19 ,Qualcomm Snapdragon 662,20990,16.33,6,2021/1/16,5000,128,Midnight Blue,14
186,POCO X4 PRO 5G ,Qualcomm Snapdragon 695 5G,25999,16.94,8,2021/1/17,5000,128,Yellow,15
187,REDMI NOTE 11 ,Mediatek Helio G35,19999,16.33,6,2021/1/13,5000,128,Horizon Blue,20
188,VIVO Y16 ,Mediatek Helio P35,15999,16.54,4,2021/1/15,5000,64,Steller Black,19
189,REALME 9I 5G ,Mediatek Dimensity 810 5G,17999,16.76,4,2019/5/15,5000,64,Soulful Blue,16
190,SAMSUNG GALAXY M33 5G ,Qualcomm Snapdragon 750G,24999,16.74,6,2022/6/12,6000,128,Mystique Green,17
191,SAMSUNG GALAXY F13 ,Exynos 850,16999,16.76,4,2022/6/12,6000,128,Sunrise Copper,17
192,INFINIX HOT 12 PRO ,Unisoc T616,15999,16.76,8,2022/6/13,5000,128,Halo White,4
193,SAMSUNG GALAXY A14 5G ,SEC S5E8535 (Exynos 1330),18499,16.76,4,2022/6/12,5000,64,Light Green,17
194,REDMI 10A ,Mediatek Helio G35,11999,16.59,4,2021/1/13,5000,64,Sea Blue,20
195,REDMI 10A ,Mediatek Helio G35,10999,16.59,3,2021/1/13,5000,32,Sea Blue,20
196,POCO X5 PRO 5G ,Qualcomm Snapdragon 778G,25999,16.94,6,2021/1/14,5000,128,Horizon Blue,15
197,MOTOROLA G62 5G ,Qualcomm Snapdragon 695 5G,21999,16.64,6,2021/1/15,5000,128,Midnight Gray,10
198,SAMSUNG GALAXY F23 5G ,SEC S5E8535 (Exynos 1330),23999,16.76,6,2022/6/12,5000,128,Forest Green,17
199,MOTOROLA G42 ,Qualcomm Snapdragon 680,16999,16.43,4,2020/4/19,5000,64,Atlantic Green,10
200,POCO M4 PRO 5G ,Mediatek Dimensity 810,21999,16.76,8,2020/4/20,5000,128,Yellow,15
201,REALME C31 ,Unisoc T612,11999,16.56,4,2019/5/15,5000,64,Light Silver,16
202,REALME C31 ,Unisoc T612,11999,16.56,4,2019/5/15,5000,64,Dark Green,16
203,VIVO Y01 ,Mediatek Helio P35,12999,16.54,2,2021/1/15,5000,32,Sapphire Blue,19
204,VIVO Y21 ,Mediatek Helio P35,17990,16.54,4,2021/1/15,5000,64,Diamond Glow,19
205,SAMSUNG GALAXY F23 5G ,Qualcomm Snapdragon 750G,22999,16.76,4,2022/6/12,5000,128,Forest Green,17
206,POCO X4 PRO 5G ,Qualcomm Snapdragon 695 5G,23999,16.94,6,2022/6/13,5000,128,Yellow,15
207,REDMI 10 PRIME ,Helio G88,16999,16.51,6,2021/1/13,6000,128,Phantom Black,20
208,INFINIX HOT 20 5G ,Dimensity 810,19999,16.76,6,2021/1/14,5000,128,Racing Black,4
209,VIVO Y02 ,MediaTek P22,12999,16.54,3,2021/1/15,5000,32,Cosmic Grey,19
210,POCO M4 5G ,Mediatek Dimensity 700,18999,16.71,6,2021/1/16,5000,128,Yellow,15
211,VIVO Y16 ,Mediatek Helio P35,12999,16.54,3,2021/1/17,5000,32,Drizzling Gold,19
212,REALME C35 ,Unisoc Tiger T616,15999,16.76,6,2019/5/15,5000,128,Glowing Green,16
213,REDMI NOTE 12 PRO 5G ,Mediatek Dimensity 1080,31999,16.94,8,2021/1/13,5000,256,Onyx Black,20
214,VIVO T1 5G ,Qualcomm Snapdragon 695,23990,16.71,8,2021/1/15,5000,128,Rainbow Fantasy,19
215,VIVO T1 5G ,Qualcomm Snapdragon 695,23990,16.71,8,2021/1/15,5000,128,Starlight Black,19
216,REDMI NOTE 12 PRO 5G ,Mediatek Dimensity 1080,31999,16.94,8,2021/1/13,5000,256,Stardust Purple,20
217,INFINIX NOTE 12 PRO 5G ,Mediatek Dimensity 810 5G,24999,17.02,8,2021/1/14,5000,128,Force Black,4
218,MOTOROLA EDGE 30 ,Qualcomm Snapdragon 778G Plus,30999,16.64,6,2020/4/19,4020,128,Aurora Green,10
219,NOTHING PHONE ,Qualcomm Snapdragon 778G+,42999,16.64,4,2018/1/11,4500,64, Grey,12
220,INFINIX NOTE 12 PRO 5G ,Mediatek Dimensity 810 5G,24999,17.02,8,2018/1/12,5000,128,Snowfall,4
221,POCO X4 PRO 5G ,Qualcomm Snapdragon 695 5G,22999,16.94,6,2018/1/13,5000,64,Laser Blue,15
222,REDMI NOTE 12 PRO 5G ,Mediatek Dimensity 1080,27999,16.94,6,2021/1/13,5000,128,Glacier Blue,20
223,INFINIX SMART 6 ,Mediatek Helio A22,8999,16.76,2,2021/1/14,5000,64,Light Sea Green,4
224,SAMSUNG GALAXY M13 5G ,Qualcomm Snapdragon 750G,14999,16.51,4,2022/6/12,5000,64,Aqua Green,17
225,OPPO K10 ,Qualcomm Snapdragon 680,18999,16.74,6,2022/6/13,5000,128,Blue Flame,14
226,VIVO T1 PRO 5G ,Qualcomm Snapdragon 778G 5G Mobile Platform,28990,16.36,6,2021/1/15,4700,128,Turbo Black,19
227,REALME C11 2021 ,Octa-core,7999,16.51,2,2019/5/15,5000,32,Cool Blue,16
228,REALME C11 2021 ,Octa-core,7999,16.51,2,2019/5/15,5000,32,Cool Grey,16
229,INFINIX HOT 12 PRO ,Unisoc T616,13999,16.76,6,2019/5/16,5000,64,Racing Black,4
230,MOTOROLA EDGE 20 5G ,Qualcomm Snapdragon 778G,34999,17.02,8,2020/4/19,4000,128,Frosted Pearl,10
231,MOTOROLA E32 ,Mediatek Helio G37,11999,16.51,4,2020/4/19,5000,64,Eco Black,10
232,INFINIX HOT 12 PRO ,Unisoc T616,13999,16.76,6,2020/4/20,5000,64,Halo White,4
233,INFINIX HOT 12 PRO ,Unisoc T616,15999,16.76,8,2020/4/21,5000,128,Electric Blue,4
234,VIVO Y35 ,Qualcomm Snapdragon 680,22999,16.71,8,2021/1/15,5000,128,Dawn Gold,19
235,REALME 10 PRO+ 5G ,Mediatek Dimensity 1080 5G,25999,17.02,6,2019/5/15,5000,128,Hyperspace,16
236,REALME 10 PRO+ 5G ,Mediatek Dimensity 1080 5G,25999,17.02,6,2019/5/15,5000,128,Nebula Blue,16
237,REALME 10 PRO+ 5G ,Mediatek Dimensity 1080 5G,27999,17.02,8,2019/5/15,5000,128,Hyperspace,16
238,SAMSUNG GALAXY S21 FE 5G ,Qualcomm Snapdragon 750G,74999,16.26,8,2022/6/12,4500,128,Lavender,17
239,APPLE IPHONE 14 ,"A Bionic Chip,  Core",79900,15.49,4,2021/1/4,4500,128,Lavender,1
240,INFINIX ZERO 5G 2023 ,Mediatek Dimensity 920,24999,17.22,3,2021/1/5,5000,128,Coral Orange,4
241,I KALL Z19PRO ,Octa Core,10499,16.51,4,2021/1/6,5000,64,Blue,3
242,REDMI NOTE 12 PRO 5G ,Mediatek Dimensity 1080,27999,16.94,6,2021/1/13,5000,128,Onyx Black,20
243,INFINIX ZERO 5G 2023 ,Mediatek Dimensity 920,24999,17.22,6,2021/1/14,5000,128,Submariner Black,4
244,REALME C30 - LOCKED WITH AIRTEL PREPAID ,Unisoc T612,9299,16.51,4,2019/5/15,5000,32,Bamboo Green,16
245,REDMI NOTE 12 PRO 5G ,Mediatek Dimensity 1080,31999,16.94,6,2021/1/13,5000,256,Glacier Blue,20
246,APPLE IPHONE 14 PLUS ,"A Bionic Chip,  Core",89900,17.02,6,2021/1/4,5000,128,Midnight,1
247,SAMSUNG GALAXY A14 5G ,SEC S5E8535 (Exynos 1330),18499,16.76,3,2022/6/12,5000,64,Dark Red,17
248,APPLE IPHONE 14 PLUS ,"A Bionic Chip,  Core",89900,17.02,3,2021/1/4,5000,128,Purple,1
249,OPPO RENO8T 5G ,Qualcomm Snapdragon 695,38999,17.02,4,2021/1/5,4800,128,Sunrise Gold,14
250,MOTOROLA EDGE 30 ,Qualcomm Snapdragon 778G Plus,34999,16.64,4,2020/4/19,4020,128,Meteor Grey,10
251,MOTOROLA E13 ,Unisoc T606,9999,16.51,2,2020/4/19,5000,64,Creamy White,10
252,APPLE IPHONE 14 PLUS ,"A Bionic Chip,  Core",89900,17.02,4,2021/1/4,5000,128,Starlight,1
253,INFINIX HOT 20 5G ,Dimensity 810,17999,16.76,3,2021/1/5,5000,64,Blaster Green,4
254,REDMI 10A ,Mediatek Dimensity 1080,10999,16.59,4,2021/1/13,5000,32,Slate Grey,20
255,VIVO Y15S ,Mediatek Helio P35,13990,16.54,6,2021/1/15,5000,32,Wave Green,19
256,VIVO Y16 ,Mediatek Helio P35,13999,16.54,6,2021/1/15,5000,64,Steller Black,19
257,VIVO Y16 ,Mediatek Helio P35,15999,16.54,4,2021/1/15,5000,64,Drizzling Gold,19
258,APPLE IPHONE 14 ,"A Bionic Chip,  Core",89900,15.49,6,2021/1/4,5000,256,Purple,1
259,INFINIX SMART 6 ,Mediatek Helio A22,8999,16.76,6,2021/1/5,5000,64,Polar Black,4
260,INFINIX SMART 6 ,Mediatek Helio A22,8999,16.76,3,2021/1/6,5000,64,Heart Of Ocean,4
261,INFINIX SMART 6 ,Mediatek Helio A22,8999,16.76,3,2021/1/7,5000,64,Starry Purple,4
262,ONEPLUS NORD CE 2 LITE 5G ,Qualcomm Snapdragon 695,19999,16.74,4,2021/1/8,5000,128,Blue Tide,13
263,ONEPLUS NORD CE 2 LITE 5G ,Qualcomm Snapdragon 695,17999,16.74,4,2021/1/9,5000,128,Blue Tide,13
264,POCO X4 PRO 5G ,Qualcomm Snapdragon 695 5G,25999,16.94,8,2021/1/10,5000,128,Laser Black,15
265,MOTOROLA EDGE 30 ,Qualcomm Snapdragon 778G Plus,30999,16.64,6,2020/4/19,4020,128,Meteor Grey,10
266,REDMI NOTE 11 ,Mediatek Dimensity 1080,19999,16.33,6,2021/1/13,5000,128,Space Black,20
267,IQOO Z6 44W ,A Bionic Chip,17999,16.36,6,2021/1/14,5000,128,Raven Black,5
268,INFINIX HOT 12 PRO ,Unisoc T616,15999,16.76,8,2021/1/15,5000,128,Lightsaber Green,4
269,MICROMAX IN 2C ,Unisoc T610,9499,16.56,3,2021/1/16,5000,32,Silver,9
270,OPPO F19 ,Qualcomm Snapdragon 662,20990,16.33,6,2021/1/17,5000,128,Prism Black,14
271,SAMSUNG GALAXY M33 5G ,SEC S5E8535 (Exynos 1330),25999,16.76,8,2022/6/12,6000,128,Deep Ocean Blue,17
272,MOTOROLA E13 ,Unisoc T606,9999,16.51,2,2020/4/19,5000,64,Cosmic Black,10
273,INFINIX NOTE 12 PRO ,Mediatek Helio G99,21999,17.02,8,2020/4/20,5000,256,Volcanic Grey,4
274,INFINIX NOTE 12 PRO ,Mediatek Helio G99,21999,17.02,8,2020/4/21,5000,256,Tuscany Blue,4
275,SAMSUNG GALAXY A03 ,Unisoc UMS9230,8690,16.51,3,2022/6/12,5000,32,Black,17
276,REALME 9I 5G ,Mediatek Dimensity 810 5G,19999,16.76,6,2019/5/15,5000,128,Rocking Black,16
277,OPPO K10 ,Qualcomm Snapdragon 680,18999,16.74,6,2019/5/16,5000,128,Black Carbon,14
278,REDMI 10A SPORT ,Mediatek Dimensity 1080,13999,16.59,6,2021/1/13,5000,128,SLATE GREY,20
279,SAMSUNG GALAXY S21 FE 5G ,Unisoc UMS9230,74999,16.26,8,2022/6/12,4500,128,Graphite,17
280,POCO X5 PRO 5G ,Qualcomm Snapdragon 778G,25999,16.94,6,2022/6/13,5000,128,Astral Black,15
281,ITEL VISION3 ,Unisoc 9863A,7999,16.76,2,2022/3/20,5000,32,Jewel Blue,6
282,REALME NARZO 50A PRIME ,A Bionic Chip,13499,16.76,4,2019/5/15,5000,64,Flash Black,16
283,OPPO A77S ,Qualcomm Snapdragon 680,22999,16.66,8,2019/5/16,5000,128,Starry Black,14
284,MOTOROLA E13 ,Unisoc T606,9999,16.51,2,2020/4/19,5000,64,Aurora Green,10
285,INFINIX NOTE 12 ,MediaTek Helio G88,15999,17.02,4,2020/4/20,5000,64,Force Black,4
286,INFINIX NOTE 12 ,MediaTek Helio G88,15999,17.02,4,2020/4/21,5000,64,Jewel Blue,4
287,VIVO T1 5G ,Qualcomm Snapdragon 695,20990,16.71,6,2021/1/15,5000,128,Starlight Black,19
288,VIVO T1 5G ,Turbo Snapdragon 695,19990,16.71,4,2021/1/15,5000,128,Rainbow Fantasy,19
289,VIVO T1 5G ,Qualcomm Snapdragon 695,20990,16.71,6,2021/1/15,5000,128,Rainbow Fantasy,19
290,TECNO POVA 3 ,MediaTek Helio G88,14999,17.53,4,2023/1/1,7000,64,Eco Black,18
291,TECNO POVA 3 ,MediaTek Helio G88,14499,17.53,4,2023/1/1,7000,64,Electric Blue,18
292,REALME C11 2021 ,Octa-core,9999,16.51,4,2019/5/15,5000,64,Cool Grey,16
293,REALME C11 2021 ,Octa-core,9999,16.51,4,2019/5/15,5000,64,Cool Blue,16
294,INFINIX SMART 6 PLUS ,Mediatek Helio G25,9999,17.32,3,2019/5/16,5000,64,Tranquil Sea Blue,4
295,REDMI NOTE 10 PRO ,Qualcomm Snapdragon 732G,19999,16.94,6,2021/1/13,5020,128,Vintage Bronze,20
296,APPLE IPHONE 14 ,"A Bionic Chip,  Core",89900,15.49,2,2021/1/4,5020,256,Midnight,1
297,SAMSUNG GALAXY S21 FE 5G ,Unisoc UMS9230,74999,16.26,8,2022/6/12,4500,128,Olive,17
298,REALME C30S ,Unisoc SC9863A/ Unisoc SC9863A1,11999,16.51,4,2019/5/15,5000,64,Stripe Black,16
299,REALME C30S ,Unisoc SC9863A/ Unisoc SC9863A1,11999,16.51,4,2019/5/15,5000,64,Stripe Blue,16
300,SAMSUNG GALAXY M04 ,MediaTek Helio P35,11499,16.51,4,2022/6/12,5000,64,Dark Blue,17
301,INFINIX HOT 20 5G ,Dimensity 810,17999,16.76,4,2022/6/13,5000,64,Racing Black,4
302,SAMSUNG GALAXY A23 5G ,Qualcomm Snapdragon 695 (SM6375),28990,16.76,6,2022/6/12,5000,128,Silver,17
303,IQOO Z6 44W ,A Bionic Chip,17999,16.36,6,2022/6/13,5000,128,Ravan Black,5
304,REDMI NOTE 11 ,Qualcomm Snapdragon 732G,17999,16.33,4,2022/6/14,5000,64,Horizon Blue,20
305,ONEPLUS NORD CE 2 LITE 5G ,Qualcomm Snapdragon 680,19999,16.74,6,2022/6/15,5000,128,Black Dusk,13
306,REALME C21 ,MediaTek Helio G35,9999,16.51,3,2019/5/15,5000,32,Cross Blue,16
307,REALME C21 ,MediaTek Helio G35,10999,16.51,4,2019/5/15,5000,64,Cross Black,16
308,REDMI NOTE 11S ,Qualcomm Snapdragon 732G,20999,16.33,6,2021/1/13,5000,128,Horizon Blue,20
309,APPLE IPHONE 14 ,"A Bionic Chip,  Core",89900,15.49,2,2021/1/4,5000,256,Starlight,1
310,ITEL VISION3 ,Unisoc 9863A,7999,16.76,2,2021/1/5,5000,32,Multi Green,6
311,INFINIX ZERO 20 ,Mediatek G99,24999,17.02,8,2021/1/6,4500,128,Glitter Gold,4
312,INFINIX ZERO 20 ,Mediatek G99,24999,17.02,8,2021/1/7,4500,128,DEEP GRAY,4
313,VIVO Y01 ,Mediatek Helio P35,12999,16.54,2,2021/1/8,5000,32,Elegant Black,19
314,OPPO A77S ,Qualcomm Snapdragon 680,22999,16.66,8,2021/1/9,5000,128,Sunset Orange,14
315,IQOO Z6 LITE 5G ,A Bionic Chip,15999,16.97,4,2021/1/10,5000,64,Mystic Night,5
316,ONEPLUS NORD CE 2 LITE 5G ,Qualcomm Snapdragon 680,19999,16.74,6,2021/1/11,5000,128,Black Dusk,13
317,VIVO Y33S ,MediaTek Helio G80,21990,16.71,8,2021/1/15,5000,128,Mirror Black,19
318,REDMI 11 PRIME 5G ,Qualcomm Snapdragon 732G,15999,16.71,4,2021/1/13,5000,64,Meadow Green,20
319,VIVO Y35 ,Qualcomm Snapdragon 680,22999,16.71,8,2021/1/15,5000,128,Agate Black,19
320,REDMI 11 PRIME 5G ,Qualcomm Snapdragon 732G,17999,16.71,6,2021/1/13,5000,128,Meadow Green,20
321,INFINIX HOT 12 PLAY ,Unisoc T610,11999,17.32,4,2021/1/14,6000,64,Champagne Gold,4
322,INFINIX HOT 12 PLAY ,Unisoc T610,11999,17.32,4,2021/1/15,6000,64,Horizon Blue,4
323,INFINIX HOT 12 PLAY ,Unisoc T610,11999,17.32,4,2021/1/16,6000,64,Daylight Green,4
324,VIVO Y75 ,Mediatek G96,25990,16.36,8,2021/1/15,4050,128,Dancing waves,19
325,NOTHING PHONE ,Qualcomm Snapdragon 778G+,39999,16.64,8,2018/1/11,4500,64, Grey,12
326,NOTHING PHONE ,Qualcomm Snapdragon 778G+,42999,16.64,8,2018/1/11,4500,64, Grey,12
327,NOTHING PHONE ,Qualcomm Snapdragon 778G+,39999,16.64,8,2018/1/11,4500,64, Grey,12
328,REDMI NOTE 12 PRO 5G ,Mediatek Dimensity 1080,29999,16.94,8,2021/1/13,5000,128,Glacier Blue,20
329,NOTHING PHONE ,Qualcomm Snapdragon 778G+,37999,16.64,8,2018/1/11,4500,64, Grey,12
330,APPLE IPHONE 14 PLUS ,"A Bionic Chip,  Core",99900,17.02,2,2021/1/4,4500,64, Grey,1
331,SAMSUNG GALAXY M32 PRIME EDITION ,Qualcomm Snapdragon 695 (SM6375),16999,16.26,4,2022/6/12,6000,64,Light Blue,17
332,REDMI NOTE 12 PRO+ 5G ,Mediatek Dimensity 1080,36999,16.94,4,2021/1/13,4980,256,Iceberg Blue,20
333,VIVO Y100 5G ,Mediatek Dimensity 900,29999,16.21,8,2021/1/15,4500,128,Metal Black,19
334,VIVO Y100 5G ,Mediatek Dimensity 900,29999,16.21,8,2021/1/15,4500,128,Pacific Blue,19
335,VIVO Y100 5G ,Mediatek Dimensity 900,29999,16.21,8,2021/1/15,4500,128,Twilight Gold,19
336,INFINIX SMART 6 PLUS ,Mediatek Helio G25,9999,17.32,3,2021/1/16,5000,64,Miracle Black,4
337,REDMI NOTE 11 ,Mediatek Dimensity 1080,18999,16.33,6,2021/1/17,5000,64,Horizon Blue,20
338,MICROMAX IN 2C ,Unisoc T610,9499,16.56,3,2021/1/18,5000,32,Brown,9
339,INFINIX ZERO 20 ,Mediatek G99,24999,17.02,8,2021/1/19,4500,128,Green Fantasy,4
340,REDMI NOTE 12 5G ,Mediatek Dimensity 1080,19999,16.94,4,2021/1/13,5000,128,Frosted Green,20
341,REDMI NOTE 12 PRO 5G ,Mediatek Dimensity 1080,29999,16.94,8,2021/1/13,5000,128,Onyx Black,20
342,REDMI 10 POWER ,Mediatek Dimensity 1080,18999,17.02,8,2021/1/13,6000,128,Power Black,20
343,REDMI NOTE 12 PRO+ 5G ,Mediatek Dimensity 1080,33999,16.94,8,2021/1/13,4980,256,Iceberg Blue,20
344,SAMSUNG GALAXY M33 5G ,Qualcomm Snapdragon 695 (SM6375),24999,16.76,6,2022/6/12,6000,128,Emarld Brown,17
345,OPPO F19S ,Qualcomm Snapdragon 662,22990,16.33,6,2022/6/13,5000,128,Glowing Gold,14
346,MOTOROLA G60 ,Qualcomm Snapdragon 732G,21999,17.22,6,2020/4/19,6000,128,Moonless,10
347,SAMSUNG GALAXY M33 5G ,Qualcomm Snapdragon 695 (SM6375),24999,16.76,6,2022/6/12,6000,128,Deep Ocean Blue,17
348,REALME 10 ,Mediatek Helio G99 Octa Core,19999,16.26,8,2019/5/15,5000,128,Clash White,16
349,VIVO T1 PRO 5G ,Qualcomm Snapdragon 778G 5G Mobile Platform,30990,16.36,8,2021/1/15,4700,128,Turbo Black,19
350,REDMI 9A SPORT ,Mediatek Dimensity 1080,9499,16.59,3,2021/1/13,5000,32,Coral Green,20
351,REDMI 9A SPORT ,Mediatek Dimensity 1080,8499,16.59,2,2021/1/13,5000,32,Coral Green,20
352,REDMI 9A SPORT ,Mediatek Dimensity 1080,8499,16.59,2,2021/1/13,5000,32,Carbon Black,20
353,TECNO SPARK 9 ,MediaTek Helio G37,9999,16.76,6,2023/1/1,5000,128,Infinity Black,18
354,POCO M5 ,Mediatek Helio G99,15999,16.71,4,2023/1/2,5000,64,Icy Blue,15
355,TECNO CAMON 19 ,MediaTek Helio G85,18999,17.27,6,2023/1/1,5000,128,Memphis Green,18
356,INFINIX HOT 12 PLAY ,Unisoc T610,11999,17.32,4,2023/1/2,6000,64,Racing Black,4
357,SAMSUNG GALAXY M32 PRIME EDITION ,Qualcomm Snapdragon 695 (SM6375),17999,16.26,6,2022/6/12,6000,128,Light Blue,17
358,INFINIX ZERO 5G 2023 TURBO ,Mediatek Dimensity 1080,24999,17.22,8,2022/6/13,5000,256,Coral Orange,4
359,VIVO Y02 ,MediaTek P22,12999,16.54,3,2022/6/14,5000,32,Orchid Blue,19
360,INFINIX NOTE 12 ,MediaTek Helio G88,17999,17.02,6,2022/6/15,5000,128,Jewel Blue,4
361,APPLE IPHONE 12 ,A Bionic Chip with Next Generation Neural Engine,59900,15.49,2,2022/6/16,5000,64,Black,1
362,MOTOROLA EDGE 30 FUSION ,Qualcomm Snapdragon 888 +,49999,16.64,8,2022/6/17,4400,128,Solar Gold,10
363,POCO M4 PRO ,Mediatek Helio G96,21999,16.33,8,2022/6/18,5000,128,Cool Blue,15
364,SAMSUNG GALAXY A14 5G ,SEC S5E8535 (Exynos 1330),18499,16.76,4,2022/6/12,5000,64,Black,17
365,SAMSUNG GALAXY F22 ,MediaTek Helio G80,14999,16.26,4,2022/6/12,6000,64,Denim Black,17
366,REALME NARZO 50A PRIME ,A Bionic Chip,13499,16.76,4,2019/5/15,5000,64,FLASH BLUE,16
367,MOTOROLA G31 ,Mediatek Helio G85,16999,16.26,6,2020/4/19,5000,128,Meteorite Grey,10
368,REALME C20 ,MediaTek Helio G35,7999,16.51,2,2019/5/15,5000,32,Cool Grey,16
369,SAMSUNG GALAXY A23 5G ,Qualcomm Snapdragon 695 (SM6375),30990,16.76,8,2022/6/12,5000,128,Silver,17
370,MOTOROLA E40 ,UNISOC T700,10999,16.51,4,2020/4/19,5000,64,Pink Clay,10
371,TECNO POP 6 PRO ,Unisoc SC9863A,17999,16.66,2,2023/1/1,5000,32,Polar Black,18
372,SAMSUNG GALAXY A03 CORE ,Octa Core,10499,16.51,2,2022/6/12,5000,32,Onyx,17
373,GOOGLE PIXEL 7 ,Google Tensor G2,59999,16,8,2022/6/13,4270,128,Lemongrass,2
374,GOOGLE PIXEL 7 ,Google Tensor G2,59999,16,8,2022/6/14,4270,128,Obsidian,2
375,APPLE IPHONE 14 PLUS ,"A Bionic Chip,  Core",89900,17.02,2,2021/1/4,4270,128,Obsidian,1
376,POCO M5 ,Mediatek Helio G99,18999,16.71,6,2021/1/5,5000,128,Icy Blue,15
377,REALME 9 PRO 5G ,Qualcomm Snapdragon 695,21999,16.76,6,2019/5/15,5000,128,Sunrise Blue,16
378,APPLE IPHONE 11 ,A Bionic Chip,48900,15.49,2,2021/1/4,5000,128,Red,1
379,REALME 9I 5G ,Mediatek Dimensity 810 5G,19999,16.76,6,2019/5/15,5000,128,Metallica Gold,16
380,IQOO Z6 LITE 5G ,A Bionic Chip,17999,16.97,6,2019/5/16,5000,128,Metallica Gold,5
381,TECNO POP 5 LTE ,Unisoc SC9863A,6599,16.56,2,2023/1/1,5000,32,Ice Blue,18
382,APPLE IPHONE 12 ,A Bionic Chip with Next Generation Neural Engine,59900,15.49,4,2021/1/4,5000,64,Purple,1
383,MOTOROLA EDGE 30 ,Qualcomm Snapdragon 778G Plus,34999,16.64,8,2020/4/19,4020,128,Aurora Green,10
384,SAMSUNG GALAXY A23 5G ,Qualcomm Snapdragon 695 (SM6375),28990,16.76,6,2022/6/12,5000,128,Orange,17
385,VIVO Y33T ,A Bionic Chip,22990,16.71,8,2021/1/15,5000,128,Starry Gold,19
386,REALME NARZO 50I ,SC9863A,7999,16.51,2,2019/5/15,5000,32,Mint Green,16
387,NOKIA G11 PLUS ,Octa Core,13999,16.55,4,2018/1/11,5000,64, Grey,11
388,POCO M5 ,Mediatek Helio G99,18999,16.71,6,2018/1/12,5000,128,Power Black,15
389,REDMI 9 ACTIV ,Mediatek Dimensity 1080,10999,16.59,4,2021/1/13,5000,64,Coral Green,20
390,VIVO Y56 5G ,Mediatek Dimensity 700,24999,16.71,8,2021/1/15,5000,128,Orange Shimmer,19
391,VIVO Y56 5G ,Mediatek Dimensity 700,24999,16.71,8,2021/1/15,5000,128,Black Engine,19
392,OPPO F21S PRO 5G ,Qualcomm SM6225 Snapdragon 680 4G (6 nm),31999,16.33,8,2021/1/16,4500,128,Starlight Black,14
393,REALME 9 ,Qualcomm Snapdragon 680,20999,16.26,6,2019/5/15,5000,128,Sunburst Gold,16
394,REALME 9 ,Qualcomm Snapdragon 680,22999,16.26,8,2019/5/15,5000,128,Sunburst Gold,16
395,REALME 9 ,Qualcomm Snapdragon 680,20999,16.26,6,2019/5/15,5000,128,Meteor Black,16
396,APPLE IPHONE 14 PLUS ,"A Bionic Chip,  Core",99900,17.02,4,2021/1/4,5000,256,Purple,1
397,APPLE IPHONE 14 PLUS ,"A Bionic Chip,  Core",99900,17.02,4,2021/1/4,5000,256,Starlight,1
398,IQOO NEO 6 5G ,A Bionic Chip,34999,16.81,8,2018/5/14,4700,128,Dark Nova,5
399,VIVO Y22 ,Mediatek Helio G70,17990,16.64,4,2021/1/15,5000,64,Metaverse Green,19
400,VIVO Y22 ,Mediatek Helio G70,19990,16.64,6,2021/1/15,5000,128,Metaverse Green,19
401,REALME C20 ,MediaTek Helio G35,7999,16.51,2,2019/5/15,5000,32,Cool Blue,16
402,REDMI K50I 5G ,Mediatek Dimensity 1080,31999,16.76,6,2021/1/13,5080,128,Stealth Black,20
403,REDMI NOTE 12 PRO+ 5G ,Mediatek Dimensity 1080,33999,16.94,8,2021/1/13,4980,256,Obsidian Black,20
404,MOTOROLA G40 FUSION ,Qualcomm Snapdragon 732G,16999,17.22,4,2020/4/19,6000,64,Dynamic Gray,10
405,VIVO Y21 ,Mediatek Helio P35,17990,16.54,4,2021/1/15,5000,64,Diamond Glow,19
406,SAMSUNG GALAXY M32 PRIME EDITION ,Qualcomm Snapdragon 695 (SM6375),17999,16.26,4,2022/6/12,6000,64,Light Blue,17
407,REALME 9I 5G ,Mediatek Dimensity 810 5G,19999,16.76,6,2019/5/15,5000,128,Soulful Blue,16
408,INFINIX SMART 6 PLUS ,Mediatek Helio G25,9999,17.32,3,2019/5/16,5000,64,Crystal Violet,4
409,REALME 9 ,Qualcomm Snapdragon 680,22999,16.26,8,2019/5/15,5000,128,Meteor Black,16
410,TECNO POP 5 LTE ,Unisoc SC9863A,17999,16.56,2,2023/1/1,5000,32,Deepsea Luster,18
411,POCO C3 ,Mediatek Helio G35,17999,16.59,3,2023/1/2,5000,32,Matte Black,15
412,IQOO Z6 LITE 5G ,A Bionic Chip,15999,16.97,4,2023/1/3,5000,32,Matte Black,5
413,SAMSUNG GALAXY A14 5G ,SEC S5E8535 (Exynos 1330),20999,16.76,6,2022/6/12,5000,128,Dark Red,17
414,TECNO CAMON 19 ,MediaTek Helio G85,15999,17.27,6,2023/1/1,5000,128,Eco Black,18
415,REALME NARZO 50I ,SC9863A,7500,16.51,2,2019/5/15,5000,32,Carbon Black,16
416,VIVO T1 PRO 5G ,Qualcomm Snapdragon 778G 5G Mobile Platform,28990,16.36,6,2021/1/15,4700,128,Turbo Cyan,19
417,ITEL VISION 3 ,Unisoc 9863A,8999,16.76,3,2021/1/16,5000,64,Multi Green,6
418,ITEL VISION 3 ,Unisoc 9863A,17999,16.76,3,2021/1/17,5000,64,Deep Ocean Black,6
419,REALME 9 PRO 5G ,Qualcomm Snapdragon 695,21999,16.76,6,2019/5/15,5000,128,Midnight Black,16
420,APPLE IPHONE 14 PLUS ,"A Bionic Chip,  Core",99900,17.02,4,2021/1/4,5000,256,Blue,1
421,SAMSUNG GALAXY S23 5G ,Qualcomm Snapdragon 8 Gen 2,95999,15.49,8,2022/6/12,3900,256,Lavender,17
422,REALME 9 PRO 5G ,Qualcomm Snapdragon 695,23999,16.76,8,2019/5/15,5000,128,Midnight Black,16
423,REALME 9 PRO 5G ,Qualcomm Snapdragon 695,21999,16.76,6,2019/5/15,5000,128,Aurora Green,16
424,INFINIX HOT 11 ,MediaTek Helio G70,11999,16.76,4,2019/5/16,5200,64,Silver Wave,4
425,POCO F4 5G ,Qualcomm Snapdragon 870,32999,16.94,6,2019/5/17,4500,128,Night Black,15
426,REDMI NOTE 11 ,Mediatek Dimensity 1080,19999,16.33,6,2021/1/13,5000,128,Starburst White,20
427,APPLE IPHONE 13 ,A Bionic Chip,79900,15.49,4,2021/1/4,5000,256,Blue,1
428,REDMI NOTE 12 PRO+ 5G ,Mediatek Dimensity 1080,36999,16.94,4,2021/1/13,4980,256,Arctic White,20
429,SAMSUNG GALAXY M13 ,Qualcomm Snapdragon 8 Gen 2,14999,16.76,4,2022/6/12,6000,64,Stardust Brown,17
430,REDMI NOTE 12 PRO 5G ,Mediatek Dimensity 1080,29999,16.94,8,2021/1/13,5000,128,Stardust Purple,20
431,VIVO Y21T ,Qualcomm Snapdragon 680,19990,16.71,4,2021/1/15,5000,128,Midnight Blue,19
432,REALME 9 ,Qualcomm Snapdragon 680,22999,16.26,8,2019/5/15,5000,128,Stargaze White,16
433,REDMI NOTE 10T 5G ,Mediatek Dimensity 700,18999,16.66,6,2021/1/13,5000,128,Mint Green,20
434,REDMI 9 ACTIV ,Mediatek Dimensity 700,10999,16.59,4,2021/1/13,5000,64,Carbon Black,20
435,IQOO Z6 44W ,A Bionic Chip,19999,16.36,4,2021/1/14,5000,128,Lumina Blue,5
436,SAMSUNG GALAXY Z FLIP3 5G ,Qualcomm Snapdragon 888 Octa-Core,95999,17.02,8,2022/6/12,3300,128,Cream,17
437,MOTOROLA G51 5G ,Qualcomm Snapdragon 480 Pro,17999,17.27,4,2020/4/19,5000,64,Indigo Blue,10
438,OPPO A76 ,Qualcomm Snapdragon 680,21499,16.66,6,2020/4/20,5000,128,Glowing Black,14
439,POCO F4 5G ,Qualcomm Snapdragon 870,39999,16.94,6,2020/4/21,4500,256,Night Black,15
440,POCO X4 PRO 5G ,Qualcomm Snapdragon 695 5G,22999,16.94,6,2020/4/22,5000,64,Yellow,15
441,REALME C21 ,MediaTek Helio G35,9999,16.51,6,2019/5/15,5000,32,Cross Black,16
442,REDMI NOTE 12 PRO+ 5G ,Mediatek Dimensity 1080,36999,16.94,6,2021/1/13,4980,256,Obsidian Black,20
443,APPLE IPHONE 13 ,A Bionic Chip,79900,15.49,4,2021/1/4,4980,256,Starlight,1
444,REALME NARZO 50 PRO 5G ,Dimensity 920 5G,25999,16.26,6,2019/5/15,5000,128,Hyper Black,16
445,VIVO Y33S ,MediaTek Helio G80,21990,16.71,8,2021/1/15,5000,128,Midday Dream,19
446,XIAOMI 11LITE NE ,Qualcomm Snapdragon 778G,33999,16.64,8,2020/1/15,4250,128,Vinyl Black,20
447,ITEL A23S ,Unisoc 9863A,4899,12.7,2,2020/1/16,3020,32,Ocean Blue,6
448,POCO M4 PRO 5G ,Mediatek Dimensity 810,19999,16.76,6,2020/1/17,5000,128,Power Black,15
449,INFINIX HOT 11S ,Mediatek Helio G88,14999,17.22,4,2020/1/18,5000,128,Polar Black,4
450,INFINIX HOT 11S ,Mediatek Helio G88,14999,17.22,4,2020/1/19,5000,128,Silver Wave,4
451,REDMI GO ,Qualcomm Snapdragon 425,17999,12.7,1,2020/1/15,3000,16,Blue,20
452,SAMSUNG GALAXY A52 ,Qualcomm Snapdragon 720G,17999,16.51,6,2022/6/12,4500,128,Awesome Black,17
453,REDMI NOTE 9 ,MediaTek Helio G85,16499,16.59,4,2020/1/15,5020,128,Scarlet Red,20
454,APPLE IPHONE 11 ,A Bionic Chip,43900,15.49,4,2021/1/4,5020,64,Red,1
455,REDMI 7A ,Qualcomm Snapdragon 439,17999,13.84,2,2020/1/15,4000,32,Matte Blue,20
456,REALME GT 2 ,Qualcomm Snapdragon 888,39999,16.81,8,2019/5/15,5000,128,Paper Green,16
457,REALME GT 2 ,Qualcomm Snapdragon 888,39999,16.81,8,2019/5/15,5000,128,Steel Black,16
458,OPPO A76 ,Qualcomm Snapdragon 680,21499,16.66,6,2019/5/16,5000,128,Glowing Blue,14
459,SAMSUNG GALAXY S22 5G ,Octa Core,85999,15.49,8,2022/6/12,3700,128,Green,17
460,OPPO A12 ,MediaTek Helio P35,10990,15.8,3,2022/6/13,4230,32,Blue,14
461,SAMSUNG GALAXY M32 PRIME EDITION ,Octa Core,16999,16.26,4,2022/6/12,6000,64,Black,17
462,OPPO A55 ,MediaTek Helio G35,18990,16.54,4,2022/6/13,5000,64,Starry Black,14
463,OPPO A55 ,MediaTek Helio G35,20990,16.54,6,2022/6/14,5000,128,Starry Black,14
464,SAMSUNG GALAXY A13 ,Exynos Octa Core,20990,16.76,6,2022/6/15,5000,128,Black,17
465,REALME 8I ,MediaTek Helio G96,17999,16.76,6,2019/5/15,5000,128,Space Black,16
466,REALME 8I ,MediaTek Helio G96,15999,16.76,4,2019/5/15,5000,64,Space Purple,16
467,APPLE IPHONE 13 ,A Bionic Chip,99900,15.49,4,2021/1/4,5000,512,Midnight,1
468,APPLE IPHONE 12 ,A Bionic Chip with Next Generation Neural Engine,59900,15.49,4,2021/1/4,5000,64,Blue,1
469,REDMI NOTE 11 PRO PLUS 5G ,Qualcomm Snapdragon 439,24999,16.94,6,2020/1/15,5000,128,Stealth Black,20
470,OPPO A15S ,MediaTek Helio G35,13990,16.56,4,2020/1/16,4230,64,Rainbow Silver,14
471,MI 11 LITE ,Qualcomm Snapdragon 732G,25999,16.64,8,2020/1/17,4250,128,Tuscany Coral,9
472,VIVO V23E 5G ,Mediatek Dimensity 810,28990,16.36,8,2021/1/15,4050,128,Sunshine Gold,19
473,TECNO SPARK 8 ,MediaTek Helio G25,13499,16.66,4,2023/1/1,5000,64,Atlantic Blue,18
474,SAMSUNG GALAXY A23 5G ,Qualcomm Snapdragon 695 (SM6375),28990,16.76,6,2022/6/12,5000,128,Light Blue,17
475,SAMSUNG GALAXY A73 5G ,Qualcomm Snapdragon 778G,47490,17.02,8,2022/6/12,5000,128,Awesome White,17
476,MOTOROLA G40 FUSION ,Qualcomm Snapdragon 732G,19999,17.22,6,2020/4/19,6000,128,Frosted Champagne,10
477,POCO M5 ,Mediatek Helio G99,18999,16.71,6,2020/4/20,5000,128,Yellow,15
478,MOTOROLA EDGE 30 FUSION ,Qualcomm Snapdragon 888 +,49999,16.64,8,2020/4/19,4400,128,Cosmic grey,10
479,SAMSUNG GALAXY A14 5G ,SEC S5E8535 (Exynos 1330),22999,16.76,8,2022/6/12,5000,128,Dark Red,17
480,SAMSUNG GALAXY A04E ,Mediatek Helio P35,11999,16.51,3,2022/6/12,5000,64,Light Blue,17
481,VIVO V21 5G ,MediaTek Dimensity 800U,32990,16.36,8,2021/1/15,4000,128,Dusk Blue,19
482,IQOO Z6 44W ,A Bionic Chip,19999,16.36,4,2021/1/16,5000,128,Raven Black,5
483,VIVO Y53S ,MediaTek Helio G80,22990,16.71,8,2021/1/17,5000,128,Deep Sea Blue,19
484,OPPO F21S PRO ,Qualcomm SM6225 Snapdragon 680 4G (6 nm),21990,16.33,8,2021/1/18,4500,128,Dawnlight Gold,14
485,ITEL VISION 3 ,Unisoc 9863A,17999,16.76,3,2021/1/19,5000,64,Multi Green,6
486,REALME NARZO 50 5G ,A Bionic Chip,17990,16.76,4,2019/5/15,5000,128,Hyper Blue,16
487,REALME 9 5G ,Mediatek Dimensity 810,18999,16.51,4,2019/5/15,5000,64,Supersonic Black,16
488,REALME 9 5G ,Mediatek Dimensity 810,20999,16.51,6,2019/5/15,5000,128,Stargaze White,16
489,ITEL A23S ,Unisoc 9863A,4899,12.7,2,2019/5/16,3020,32,Sky Cyan,6
490,REALME 9 5G ,Mediatek Dimensity 810,18999,16.51,4,2019/5/15,5000,64,Meteor Black,16
491,SAMSUNG GALAXY A53 ,Exynos Octa Core,39990,16.51,8,2022/6/12,5000,128,Awesome Peach,17
492,REALME 8 ,MediaTek Helio G95,18999,16.26,8,2019/5/15,5000,128,Cyber Silver,16
493,REALME 8 ,MediaTek Helio G95,17999,16.26,6,2019/5/15,5000,128,Cyber Black,16
494,REALME C21Y ,Unisoc T610,9999,16.51,3,2019/5/15,5000,32,Cross Black,16
495,REALME C21Y ,Unisoc T610,9999,16.51,3,2019/5/15,5000,32,Cross Blue,16
496,ITEL VISION3 ,Unisoc 9863A,7999,16.76,2,2019/5/16,5000,32,Deep Ocean Black,6
497,SAMSUNG GALAXY A23 ,Octa-core(EXYNOS),23990,16.76,6,2019/5/17,5000,128,Peach,17
498,INFINIX SMART 5A ,MediaTek Helio A20,7999,16.56,2,2019/5/18,5000,32,Midnight Black,4
499,NOKIA C01 PLUS ,Unisoc SC9863A,7999,13.84,2,2018/1/11,3000,32,Blue,11
500,SAMSUNG GALAXY A52 ,Qualcomm Snapdragon 720G,17999,16.51,6,2022/6/12,4500,128,Awesome Blue,17
501,SAMSUNG GALAXY M33 5G ,Qualcomm Snapdragon 720G,25999,16.76,8,2022/6/12,6000,128,Mystique Green,17
502,REALME C25_Y ,Unisoc T618,12999,16.51,4,2019/5/15,5000,64,Metal Grey,16
503,REALME 9 PRO 5G ,Qualcomm Snapdragon 695,23999,16.76,8,2019/5/15,5000,128,Sunrise Blue,16
504,SAMSUNG GALAXY F22 ,MediaTek Helio G80,16999,16.26,6,2022/6/12,6000,128,Denim Blue,17
505,ONEPLUS 10R 5G ,Qualcomm SM6225 Snapdragon 680 4G (6 nm),42999,17.02,4,2022/6/13,5000,256,Sierra Black,13
506,ITEL A49 ,Quad Core,5799,16.76,2,2022/6/14,4000,32,Crystal Purple,6
507,ITEL A49 ,Quad Core,6799,16.76,2,2022/6/15,4000,32,Sky Cyan,6
508,TECNO POVA 3 ,MediaTek Helio G88,14999,17.53,4,2023/1/1,7000,64,Tech Silver,18
509,APPLE IPHONE 14 ,"A Bionic Chip,  Core",89900,15.49,4,2021/1/4,7000,64,Tech Silver,1
510,SAMSUNG GALAXY A14 5G ,SEC S5E8535 (Exynos 1330),22999,16.76,8,2022/6/12,5000,128,Black,17
511,REDMI NOTE 11 SE ,Mediatek Helio G95 Octa Core,16999,16.33,6,2020/1/15,5000,64,Bifrost Blue,20
512,REDMI NOTE 11T 5G ,Mediatek Helio G95 Octa Core,17999,16.76,6,2020/1/15,5000,128,Stardust White,20
513,IQOO Z6 PRO 5G ,A Bionic Chip,27990,16.36,6,2020/1/16,4700,128,Legion Sky,5
514,REDMI NOTE 11T 5G ,Mediatek Helio G95 Octa Core,22999,16.76,8,2020/1/17,5000,128,Aquamarine Blue,20
515,IQOO Z6 PRO 5G ,SnapdragonÂ® 778G,17999,16.36,6,2020/1/18,4700,128,Phantom Dusk,5
516,REALME 9 5G SE ,Qualcomm Snapdragon 778G,26999,16.76,8,2019/5/15,5000,128,Starry Glow,16
517,REALME 9 5G SE ,Qualcomm Snapdragon 778G,24999,16.76,6,2019/5/15,5000,128,Azure Glow,16
518,INFINIX HOT 11S ,Mediatek Helio G88,13999,17.22,4,2019/5/16,5000,64,Silver Wave,4
519,TECNO SPARK 8C ,Unisoc T606,9190,16.76,4,2023/1/1,5000,64,Diamond Grey,18
520,REALME GT 2 ,Qualcomm Snapdragon 888,44999,16.81,4,2019/5/15,5000,256,Steel Black,16
521,APPLE IPHONE 14 PRO ,"A Bionic Chip,  Core",159900,15.49,4,2021/1/4,5000,512,Space Black,1
522,TECNO SPARK 8C ,Unisoc T606,8498,16.76,3,2023/1/1,5000,64,Diamond Grey,18
523,SAMSUNG GALAXY F42 5G ,MediaTek Dimensity 700,23999,16.76,6,2022/6/12,5000,128,Matte Aqua,17
524,OPPO A12 ,MediaTek Helio P35,11990,15.8,4,2022/6/13,4230,64,Flowing Silver,14
525,SAMSUNG GALAXY A53 ,Exynos Octa Core,39990,16.51,8,2022/6/12,5000,128,Awesome Black,17
526,SAMSUNG GALAXY S22 5G ,Octa Core,85666,15.49,8,2022/6/12,3700,128,Phantom Black,17
527,OPPO A15S ,MediaTek Helio P35,13990,16.56,4,2022/6/13,4230,64,Fancy White,14
528,SAMSUNG GALAXY A23 ,Octa-core(EXYNOS),25490,16.76,8,2022/6/14,5000,128,Black,17
529,I KALL Z5 ,A Bionic Chip,17999,13.84,3,2022/6/15,3000,16,Blue,3
530,MOTOROLA G60 ,Qualcomm Snapdragon 732G,21999,17.27,6,2020/4/19,6000,128,Dynamic Gray,10
531,SAMSUNG GALAXY A13 ,Exynos Octa Core,18490,16.76,4,2022/6/12,5000,64,Blue,17
532,REALME NARZO 50I ,SC9863A,9999,16.51,4,2019/5/15,5000,64,Carbon Black,16
533,REDMI A1+ ,Mediatek Helio A22,10999,16.56,3,2020/1/15,5000,32,Black,20
534,POCO F3 GT 5G ,MediaTek Dimensity 1200,17999,16.94,6,2020/1/16,5065,128,Predator Black,15
535,MOTOROLA EDGE 30 ULTRA ,Qualcomm Snapdragon 8+ Gen 1,69999,16.94,8,2020/4/19,4610,128,Starlight White,10
536,APPLE IPHONE 14 PLUS ,"A Bionic Chip,  Core",119900,17.02,4,2021/1/4,4610,512,Midnight,1
537,OPPO A77 ,Mediatek Helio G35,18999,16.66,4,2021/1/5,5000,64,Sky Blue,14
538,SAMSUNG GALAXY A04E ,Mediatek Helio P35,11999,16.51,3,2022/6/12,5000,64,Copper,17
539,APPLE IPHONE 14 PRO ,"A Bionic Chip,  Core",129900,15.49,6,2021/1/4,5000,128,Gold,1
540,SAMSUNG GALAXY A03 CORE ,Octa Core,10499,16.51,2,2022/6/12,5000,32,Blue,17
541,NOKIA C01 PLUS ,Unisoc SC9863A,6999,13.84,2,2018/1/11,3000,16,Grey,11
542,ITEL VISION1 ,Unisoc SC9863A Octa Core,8299,15.46,3,2018/1/12,4000,32,Gradation Blue,6
543,REALME GT NEO 3 ,Mediatek Dimensity 8100,45999,17.02,6,2019/5/15,4500,64,Gradation Blue,16
544,SAMSUNG GALAXY A04E ,Mediatek Helio P35,14999,16.51,4,2022/6/12,5000,128,Light Blue,17
545,REALME NARZO 30 ,MediaTek Helio G95,16999,16.51,6,2019/5/15,5000,128,Racing Blue,16
546,REDMI 9 ACTIV ,Mediatek Helio G35,10999,16.59,4,2020/1/15,5000,64,Carbon Black,20
547,REALME 9 5G SE ,Qualcomm Snapdragon 778G,24999,16.76,6,2019/5/15,5000,128,Starry Glow,16
548,LAVA BLAZE PRO ,Mediatek G37 Octa Core,12999,16.51,4,2022/4/11,5000,64,Glass Orange,7
549,TECNO SPARK GO 2022 ,Unisoc T606,17999,16.56,2,2023/1/1,5000,32,Iris Purple,18
550,TECNO SPARK GO 2022 ,Helio A20,17999,16.66,2,2023/1/1,5000,32,Atlantic Blue,18
551,REDMI 9I ,MediaTek Helio G25,9999,16.59,4,2020/1/15,5000,64,Sea Blue,20
552,SAMSUNG GALAXY A14 5G ,SEC S5E8535 (Exynos 1330),22999,16.76,8,2022/6/12,5000,128,Light Green,17
553,SAMSUNG GALAXY A03 CORE ,SEC S5E8535 (Exynos 1330),10499,16.51,2,2022/6/12,5000,32,Bronze,17
554,TECNO SPARK 9 ,MediaTek Helio G37,11499,16.76,4,2023/1/1,5000,64,Sky Mirror,18
555,REALME C21Y ,Unisoc T610,10999,16.51,4,2019/5/15,5000,64,Cross Blue,16
556,IQOO NEO 6 5G ,A Bionic Chip,34990,16.81,8,2019/5/16,4700,128,Cyber Rage,5
557,APPLE IPHONE 14 PRO MAX ,"A Bionic Chip,  Core",139900,17.02,6,2021/1/4,4700,128,Gold,1
558,SAMSUNG GALAXY F22 ,MediaTek Helio G80,14999,16.26,4,2022/6/12,6000,64,Denim Blue,17
559,REALME 8 ,MediaTek Helio G95,17999,16.26,6,2019/5/15,5000,128,Cyber Silver,16
560,REDMI A1+ ,Mediatek Helio A22,9999,16.56,2,2020/1/15,5000,32,Light Blue,20
561,ITEL A27 ,Unisoc SC9863A Octa Core,17999,13.84,2,2020/1/16,4000,32,Deep Gray,6
562,REDMI NOTE 10S ,Mediatek Helio G95,20999,16.33,8,2020/1/17,5000,128,Deep Sea Blue,20
563,OPPO A16 ,MediaTek Helio G35,15990,16.56,4,2020/1/18,5000,64,Crystal Black,14
564,LAVA Z2 MAX ,MediaTek Helio Quad Core,8449,17.78,2,2022/4/11,6000,32,Stroked Blue,7
565,REALME NARZO 50 5G ,A Bionic Chip,17999,16.76,6,2019/5/15,5000,64,Hyper Blue,16
566,APPLE IPHONE 14 PRO ,"A Bionic Chip,  Core",129900,15.49,6,2021/1/4,5000,128,Deep Purple,1
567,SAMSUNG GALAXY A13 ,Exynos Octa Core,18490,16.76,4,2022/6/12,5000,64,Peach,17
568,REDMI NOTE 11 PRO PLUS 5G ,Mediatek Helio G95,24999,16.94,6,2020/1/15,5000,128,Stealth Black,20
569,VIVO Y21A ,Mediatek Helio P22,17990,16.54,4,2021/1/15,5000,64,Midnight Blue,19
570,REDMI NOTE 10S ,Mediatek Helio G95,20999,16.33,8,2020/1/15,5000,128,Frost White,20
571,REALME NARZO 50 5G ,A Bionic Chip,19999,16.76,6,2019/5/15,5000,128,Hyper Black,16
572,OPPO A16 ,MediaTek Helio G35,15990,16.56,4,2019/5/16,5000,64,Royal Gold,14
573,SAMSUNG GALAXY A13 ,Exynos Octa Core,19990,16.76,4,2022/6/12,5000,128,Green,17
574,REDMI 9A SPORT ,Mediatek Helio G95,9499,16.59,3,2020/1/15,5000,32,Carbon Black,20
575,REALME 9 PRO+ 5G ,Mediatek Dimensity 920,29999,16.26,8,2019/5/15,4500,128,Midnight Black,16
576,REALME 9 PRO+ 5G ,Mediatek Dimensity 920,31999,16.26,8,2019/5/15,4500,256,Midnight Black,16
577,INFINIX NOTE 12 TURBO ,Mediatek Helio G96,19999,17.02,8,2019/5/16,5000,128,Snowfall,4
578,OPPO A57 ,Mediatek Helio G35,16990,16.66,4,2019/5/17,5000,64,Glowing Gold,14
579,SAMSUNG GALAXY M53 5G ,Exynos Octa Core,17999,17.02,6,2022/6/12,5000,128,Emerald Brown,17
580,REDMI 11 PRIME ,Mediatek Helio G95,16999,16.71,6,2020/1/15,5000,128,Peppy Purple,20
581,IQOO Z6 LITE 5G ,A Bionic Chip,17999,16.97,6,2020/1/16,5000,128,Peppy Purple,5
582,MOTOROLA G30 ,Snapdragon 662,14999,16.54,4,2020/4/19,5000,64,Dark Pearl,10
583,XIAOMI 12 PRO 5G ,Snapdragon@ 8 Gen 1,84999,17.09,8,2020/1/15,4600,256,Noir Black,20
584,REALME 8 5G ,MediaTek Dimensity 700 (MT6833),16999,16.51,4,2019/5/15,5000,128,Supersonic Black,16
585,SAMSUNG GALAXY A53 ,Exynos Octa Core,39990,16.51,8,2022/6/12,5000,128,Awesome White,17
586,OPPO F21 PRO ,Mediatek Helio G35,25999,16.33,8,2022/6/13,4500,128,Cosmic Black,14
587,SAMSUNG GALAXY M04 ,MediaTek Helio P35,13499,16.51,4,2022/6/12,5000,128,Light Green,17
588,REALME NARZO 30 ,MediaTek Helio G95,14999,16.51,4,2019/5/15,5000,64,Racing Blue,16
589,REALME 8I ,MediaTek Helio G96,15999,16.76,4,2019/5/15,5000,64,Space Black,16
590,IQOO Z6 5G ,A Bionic Chip,17499,16.71,6,2019/5/16,5000,128,Dynamo Black,5
591,SAMSUNG GALAXY M11 ,Qualcomm Snapdragon (SDM450-F01) Octa Core,12999,16.26,3,2022/6/12,5000,32,Metallic Blue,17
592,REDMI 9A ,Snapdragon@ 8 Gen 1,8499,16.59,2,2020/1/15,5000,32,Midnight Black,20
593,LAVA Z2 ,MediaTek Helio G35,8999,16.55,3,2022/4/11,5000,32,Flame Red,7
594,SAMSUNG GALAXY A03 CORE ,Qualcomm Snapdragon (SDM450-F01) Octa Core,10499,16.51,2,2022/6/12,5000,32,Onyx,17
595,REDMI NOTE 10 PRO MAX ,Qualcomm Snapdragon 732G,22999,16.94,6,2020/1/15,5020,128,Dark Nebula,20
596,POCO M5 ,Mediatek Helio G99,15999,16.71,4,2020/1/16,5000,64,Yellow,15
597,VIVO V21 5G ,MediaTek Dimensity 800U,32990,16.36,8,2021/1/15,4000,128,Sunset Dazzle,19
598,REALME C25_Y ,Unisoc T618,13999,16.51,4,2019/5/15,5000,128,Metal Grey,16
599,NOKIA C01 PLUS ,Unisoc SC9863A,6999,13.84,2,2018/1/11,3000,16,Blue,11
600,REDMI NOTE 12 5G ,Qualcomm Snapdragon 732G,19999,16.94,4,2020/1/15,5000,128,Matte Black,20
601,TECNO SPARK 8C ,Unisoc T606,8248,16.76,3,2023/1/1,5000,64,Magnet Black,18
602,SAMSUNG GALAXY M32 PRIME EDITION ,Qualcomm Snapdragon (SDM450-F01) Octa Core,16999,16.26,4,2022/6/12,6000,64,Black,17
603,SAMSUNG GALAXY A04S ,Exynos Octa Core,15990,16.51,4,2022/6/12,5000,64,Black,17
604,TECNO SPARK 8T ,MediaTek Helio G35,9850,16.76,4,2023/1/1,5000,64,Atlantic Blue,18
605,APPLE IPHONE 14 PRO MAX ,"A Bionic Chip,  Core",139900,17.02,6,2021/1/4,5000,128,Space Black,1
606,REALME NARZO 30 PRO 5G ,MediaTek Dimensity 800U,21999,16.51,8,2019/5/15,5000,128,Blade Silver,16
607,REALME NARZO 50 5G ,A Bionic Chip,17990,16.76,6,2019/5/15,5000,64,Hyper Black,16
608,REDMI NOTE 11 PRO ,Qualcomm Snapdragon 732G,22999,16.94,6,2020/1/15,5000,128,Star blue,20
609,SAMSUNG GALAXY S22 5G ,Octa Core,17999,15.49,8,2022/6/12,3700,256,Phantom Black,17
610,XIAOMI 11LITE NE ,Qualcomm Snapdragon 778G,23895,16.64,6,2020/1/15,4250,128,Diamond Dazzle,20
611,REALME GT 2 ,Qualcomm Snapdragon 888,39999,16.81,8,2019/5/15,5000,128,Paper White,16
612,OPPO A16E ,Mediatek Helio P22,13990,16.56,3,2019/5/16,4230,32,Midnight Black,14
613,APPLE IPHONE 14 PRO MAX ,"A Bionic Chip,  Core",139900,17.02,6,2021/1/4,4230,128,Deep Purple,1
614,VIVO V23 PRO 5G ,Mediatek Dimensity 1200,41990,16.66,8,2021/1/15,4300,128,Sunshine Gold,19
615,REDMI A1+ ,Mediatek Helio A22,9999,16.56,2,2020/1/15,5000,32,Light Green,20
616,REALME C15 ,Mediatek Helio G35,17999,16.56,4,2019/5/15,6000,64,Power Blue,16
617,SAMSUNG GALAXY F22 ,MediaTek Helio G80,16999,16.26,6,2022/6/12,6000,128,Denim Black,17
618,VIVO V25 5G ,Mediatek Dimensity 900,32999,16.36,8,2021/1/15,4500,128,Elegant Black,19
619,IQOO Z6 LITE 5G ,A Bionic Chip,15999,16.97,4,2021/1/16,5000,128,Elegant Black,5
620,OPPO A57 ,Mediatek Helio G35,16990,16.66,4,2021/1/17,5000,64,Glowing Black,14
621,MOTOROLA E7 POWER ,MediaTek Helio G25,11999,16.54,4,2020/4/19,5000,64,Tahiti Blue,10
622,VIVO Y21G ,Mediatek MT6769 Helio G70,17999,16.54,4,2021/1/15,5000,64,Midnight Blue,19
623,VIVO Y33T ,Qualcomm Snapdragon 680,17490,16.71,8,2021/1/15,5000,128,Mirror Black,19
624,SAMSUNG GALAXY A03 ,Unisoc UMS9230,17999,16.51,3,2022/6/12,5000,32,Red,17
625,TECNO POP 5 PRO ,Helio A22,10999,16.56,3,2023/1/1,6000,32,Ice Blue,18
626,SAMSUNG GALAXY A33 ,Exynos 1280,33990,16.26,8,2022/6/12,5000,128,Awesome Peach,17
627,REALME 9 5G SE ,Qualcomm Snapdragon 778G,26999,16.76,8,2019/5/15,5000,128,Azure Glow,16
628,SAMSUNG GALAXY M13 ,Exynos 1280,14999,16.76,4,2022/6/12,6000,64,Midnight Blue,17
629,MOTOROLA G40 FUSION ,Qualcomm Snapdragon 732G,19999,17.22,6,2020/4/19,6000,128,Dynamic Gray,10
630,OPPO A54 ,MediaTek Helio P35,17990,16.54,6,2020/4/20,5000,128,Crystal Black,14
631,OPPO A54 ,MediaTek Helio P35,17990,16.54,6,2020/4/21,5000,128,Starry Blue,14
632,APPLE IPHONE 11 ,A Bionic Chip,43900,15.49,6,2020/4/22,5000,64,Yellow,1
633,APPLE IPHONE 12 ,A Bionic Chip with Next Generation Neural Engine,59900,15.49,6,2021/1/4,5000,64,Red,1
634,MOTO G71 5G ,Qualcomm Snapdragon 695,22999,16.26,6,2020/4/19,5000,128,Neptune Green,10
635,REDMI NOTE 10S ,Mediatek Helio G95,20999,16.33,8,2020/1/15,5000,128,Shadow Black,20
636,SAMSUNG GALAXY A73 5G ,Qualcomm Snapdragon 778G,47490,17.02,8,2022/6/12,5000,128,Awesome Mint,17
637,APPLE IPHONE 12 MINI ,A Bionic Chip with Next Generation Neural Engine,74900,13.72,6,2021/1/4,5000,256,Red,1
638,INFINIX NOTE 12 TURBO ,Mediatek Helio G96,19999,17.02,8,2021/1/5,5000,128,Force Black,4
639,REALME 9 PRO+ 5G ,Mediatek Dimensity 920,27999,16.26,6,2021/1/6,4500,128,Aurora Green,16
640,INFINIX NOTE 12 TURBO ,Mediatek Helio G96,19999,17.02,8,2021/1/7,5000,128,Jewel Blue,4
641,SAMSUNG GALAXY F12 ,Exynos 850,12999,16.55,4,2022/6/12,6000,64,Sky Blue,17
642,TECNO SPARK 8C ,Unisoc T606,8240,16.76,3,2023/1/1,5000,64,Turquoise Cyan,18
643,TECNO POVA NEO ,Helio G25,15499,17.27,6,2023/1/1,6000,128,Geek Blue,18
644,TECNO SPARK 8C ,Unisoc T606,8948,16.76,4,2023/1/1,5000,64,Iris Purple,18
645,TECNO POVA NEO ,Helio G25,15499,17.27,6,2023/1/1,6000,128,Obsidian Black,18
646,REALME C25S ,MediaTek Helio G85,17999,16.51,4,2019/5/15,6000,128,Watery Grey,16
647,SAMSUNG GALAXY A04E ,Mediatek Helio P35,14999,16.51,4,2022/6/12,5000,128,Copper,17
648,TECNO SPARK 8 PRO ,Helio G25,13499,17.27,4,2023/1/1,5000,64,Interstellar Black,18
649,REALME 9I ,Qualcomm Snapdragon 680 (SM6225),17999,16.76,6,2019/5/15,5000,128,Prism Blue,16
650,LAVA Z2C ,MediaTek Helio G35,8499,16.55,2,2022/4/11,5000,32,Aqua Blue,7
651,REALME 8 5G ,MediaTek Dimensity 700 (MT6833),16999,16.51,4,2019/5/15,5000,128,Supersonic Blue,16
652,VIVO Y15S ,A Bionic Chip,9909,16.54,3,2021/1/15,5000,32,MYSTIC BLUE,19
653,REDMI A1 ,Mediatek Helio G95,17999,16.56,2,2020/1/15,5000,32,Black,20
654,POCO M4 PRO ,Mediatek Helio G96,19999,16.33,6,2020/1/16,5000,128,Power Black,15
655,REALME GT 2 ,Qualcomm Snapdragon 888,44999,16.81,6,2019/5/15,5000,256,Paper White,16
656,REDMI NOTE 10T 5G ,Mediatek Dimensity 700,16999,16.66,4,2020/1/15,5000,64,Metallic Blue,20
657,SAMSUNG GALAXY M13 ,Mediatek Helio P35,17999,16.76,4,2022/6/12,6000,64,Midnight Blue,17
658,XIAOMI 11LITE NE ,Qualcomm Snapdragon 778G,24298,16.64,8,2020/1/15,4250,128,Vinyl Black,20
659,REALME NARZO 50 5G ,A Bionic Chip,18990,16.76,4,2019/5/15,5000,128,Hyper Blue,16
660,INFINIX SMART HD 2021 ,MediaTek Helio A20,7999,15.49,2,2019/5/16,5000,32,Topaz Blue,4
661,OPPO A54 ,MediaTek Helio P35,15990,16.54,4,2019/5/17,5000,128,Moonlight Gold,14
662,OPPO A54 ,MediaTek Helio P35,15990,16.54,4,2019/5/18,5000,128,Crystal Black,14
663,SAMSUNG GALAXY A33 ,Exynos 1280,33990,16.26,8,2022/6/12,5000,128,Awesome Blue,17
664,LAVA BEU ,Unisoc SC9863A Octa Core,7777,15.44,2,2022/4/11,4060,32,ROSE PINK,7
665,MARQ BY FLIPKART M3 SMART ,Octa Core,7999,15.46,2,2022/5/20,5000,128,ROSE PINK,8
666,APPLE IPHONE 13 PRO ,A Bionic Chip,149900,15.49,6,2021/1/4,5000,512,Silver,1
667,INFINIX NOTE 11S ,MediaTek Helio G96,16999,17.65,6,2021/1/5,5000,64,Haze Green,4
668,INFINIX NOTE 11S ,MediaTek Helio G96,16999,17.65,6,2021/1/6,5000,64,Mithril Grey,4
669,VIVO Y16 ,Mediatek Helio P35,13999,16.54,3,2021/1/7,5000,32,Steller Black,19
670,OPPO A77 ,Mediatek Helio G35,19999,16.66,4,2021/1/8,5000,128,Sky Blue,14
671,OPPO A77 ,Mediatek Helio G35,19999,16.66,4,2021/1/9,5000,128,Sunset Orange,14
672,INFINIX NOTE 11 ,Mediatek Helio G88,16999,17.02,6,2021/1/10,5000,128,Graphite Black,4
673,INFINIX NOTE 11 ,Mediatek Helio G88,16999,17.02,6,2021/1/11,5000,128,Celestial Snow,4
674,INFINIX NOTE 11 ,Mediatek Helio G88,16999,17.02,6,2021/1/12,5000,128,Glacier Green,4
675,POCO M4 PRO ,Mediatek Helio G96,17999,16.33,6,2021/1/13,5000,64,Power Black,15
676,REALME 6 PRO ,Snapdragon 720G,17999,16.76,6,2019/5/15,4300,64,Lightning Orange,16
677,ITEL A27 ,Unisoc 9832E,7999,13.84,2,2019/5/16,4000,32,Silver Purple,6
678,SAMSUNG GALAXY A33 ,Exynos 1280,32990,16.26,6,2022/6/12,5000,128,Awesome Black,17
679,VIVO Y16 ,Mediatek Helio P35,13999,16.54,3,2021/1/15,5000,64,Drizzling Gold,19
680,XIAOMI 11LITE NE ,Qualcomm Snapdragon 778G,29990,16.64,6,2020/1/15,4250,128,Vinyl Black,20
681,REDMI NOTE 10T 5G ,Mediatek Dimensity 700,17999,16.66,4,2020/1/15,5000,64,Metallic Blue,20
682,SAMSUNG GALAXY M32 ,Exynos 1280,16999,16.26,4,2022/6/12,6000,64,Black,17
683,SAMSUNG GALAXY M13 ,Exynos 1280,10595,16.76,4,2022/6/12,6000,64,Midnight Blue,17
684,VIVO V25 5G ,Mediatek Dimensity 900,17999,16.36,8,2021/1/15,4500,128,Surfing Blue,19
685,SAMSUNG GALAXY F42 5G ,MediaTek Dimensity 700,25999,16.76,8,2022/6/12,5000,128,Matte Aqua,17
686,VIVO Y15C ,Mediatek Helio P35,9976,16.54,3,2021/1/15,5000,32,Wave Green,19
687,OPPO A31 ,MediaTek Helio P35 Octa Core,15990,16.51,6,2021/1/16,4230,128,Mystery Black,14
688,REDMI NOTE 11 PRO ,Mediatek Dimensity 700,17999,16.94,6,2021/1/17,5000,128,Stealth Black,20
689,POCO M3 PRO 5G ,MediaTek Dimensity 700,17999,16.51,6,2021/1/18,5000,128,Yellow,15
690,REDMI NOTE 11 PRO ,Mediatek Dimensity 700,24999,16.94,8,2021/1/19,5000,128,Phantom White,20
691,SAMSUNG GALAXY S20 FE 5G ,MediaTek Dimensity 700,74990,16.51,8,2021/1/20,4500,128,Cloud Lavender,17
692,SAMSUNG GALAXY A13 ,Exynos Octa Core,19990,16.76,4,2021/1/21,5000,128,Black,17
693,OPPO A16E ,Mediatek Helio P22,15990,16.56,4,2021/1/22,4230,64,Midnight Black,14
694,OPPO A16E ,Mediatek Helio P22,15990,16.56,4,2021/1/23,4230,64,Blue,14
695,TECNO SPARK 8P ,MediaTek Helio G85,17999,16.76,4,2021/1/24,5000,64,Iris Purple,18
696,OPPO A74 5G ,Mediatek Helio P22,18490,16.48,6,2021/1/25,5000,128,Fantastic Purple,14
697,INFINIX HOT 11 2022 ,UniSoc T610,12999,17.02,4,2021/1/26,5000,64,Polar Black,4
698,APPLE IPHONE 13 ,A Bionic Chip,99900,15.49,6,2021/1/27,5000,512,Pink,1
699,REDMI 9 ACTIV ,Mediatek Dimensity 700,17999,16.59,4,2021/1/28,5000,64,Metallic Purple,20
700,OPPO F21S PRO 5G ,Mediatek Helio P22,31999,16.33,8,2021/1/29,4500,128,Dawnlight Gold,14
701,POCO F1 ,Qualcomm Snapdragon 845,17999,15.7,6,2021/1/30,4000,64,Rosso Red,15
702,OPPO A 78 5G ,Mediatek Helio P22,21999,16.66,8,2021/1/31,5000,128,Black,14
703,APPLE IPHONE 14 PRO ,"A Bionic Chip,  Core",129900,15.49,6,2021/1/4,5000,128,Space Black,1
704,MOTOROLA G51 5G ,Qualcomm Snapdragon 480 Pro,17999,17.27,4,2020/4/19,5000,64,Bright Silver,10
705,MOTOROLA EDGE 20 FUSION 5G ,MediaTek Dimensity 800U,24999,16.94,6,2020/4/19,5000,128,Electric Graphite,10
706,REALME NARZO 30 5G ,MediaTek Dimensity 700 (MT6833),17999,16.51,6,2019/5/15,5000,128,Racing Blue,16
707,REALME GT NEO 3 ,Mediatek Dimensity 8100,41999,17.02,8,2019/5/15,5000,256,Asphalt Black,16
708,SAMSUNG GALAXY S20 FE 5G ,Exynos Octa Core,66999,16.51,8,2022/6/12,4500,128,Cloud Navy,17
709,VIVO Y01A ,Mediatek Helio P35,12999,16.54,2,2021/1/15,5000,32,Sapphire Blue,19
710,VIVO X80 ,Mediatek Dimensity 9000,59999,17.22,8,2021/1/15,4500,128,Urban Blue,19
711,REDMI GO ,Qualcomm Snapdragon 425,17999,12.7,1,2020/1/15,3000,8,Black,20
712,REDMI K50I ,Qualcomm Snapdragon 425,35999,16.76,8,2020/1/15,5080,256,Phantom Blue,20
713,SAMSUNG GALAXY A04S ,Exynos Octa Core,15990,16.51,4,2022/6/12,5000,64,Copper,17
714,TECNO SPARK GO 2021 ,MediaTek Helio G85,17999,16.56,2,2023/1/1,5000,32,Horizon Orange,18
715,REDMI NOTE 11 PRO ,Qualcomm Snapdragon 425,17999,16.94,6,2020/1/15,5000,128,Star blue,20
716,REALME 9 PRO+ 5G ,Mediatek Dimensity 920,31999,16.26,8,2019/5/15,4500,256,Sunrise Blue,16
717,REALME 9I ,Qualcomm Snapdragon 680 (SM6225),16999,16.76,4,2019/5/15,5000,128,Prism Black,16
718,REALME 9 PRO+ 5G ,Mediatek Dimensity 920,31999,16.26,8,2019/5/15,4500,256,Aurora Green,16
719,REALME C11 ,Mediatek Helio G35,17999,16.51,2,2019/5/15,5000,32,Rich Green,16
720,APPLE IPHONE 12 ,A Bionic Chip with Next Generation Neural Engine,74900,15.49,6,2021/1/4,5000,256,Black,1
721,LAVA Z2 ,MediaTek Helio G35,8999,16.55,3,2022/4/11,5000,32,Aqua Blue,7
722,POCO M4 PRO 5G ,Mediatek Dimensity 810,16999,16.76,4,2022/4/12,5000,64,Power Black,15
723,TECNO SPARK 8C ,Unisoc T606,9145,16.76,4,2023/1/1,5000,64,Magnet Black,18
724,REDMI NOTE 7S ,Qualcomm Snapdragon 660 AIE,17999,16,4,2020/1/15,4000,64,Onyx Black,20
725,OPPO A55 ,MediaTek Helio G35,17999,16.54,4,2020/1/16,5000,64,Rainbow Blue,14
726,APPLE IPHONE 14 PLUS ,"A Bionic Chip,  Core",119900,17.02,3,2021/1/4,5000,512,Purple,1
727,VIVO Y33T ,Qualcomm Snapdragon 680,22990,16.71,8,2021/1/15,5000,128,Mid day dream,19
728,REALME 8 ,MediaTek Helio G95,16999,16.26,4,2019/5/15,5000,128,Cyber Silver,16
729,INFINIX ZERO 5G ,Mediatek Dimensity 900,24999,17.22,8,2019/5/16,5000,128,Horizon Blue,4
730,SAMSUNG GALAXY S23 PLUS 5G ,Qualcomm Snapdragon 8 Gen 2,116999,16.76,8,2022/6/12,4700,256,Cream,17
731,SAMSUNG GALAXY F41 ,Exynos 9611,20999,16.26,6,2022/6/12,6000,128,Fusion Black,17
732,OPPO A78 5G ,MediaTek Helio G35,21999,16.66,8,2022/6/13,5000,128,Glowing Blue,14
733,APPLE IPHONE 12 ,A Bionic Chip with Next Generation Neural Engine,74900,15.49,3,2021/1/4,5000,256,Green,1
734,REDMI NOTE 11 PRO PLUS 5G ,Qualcomm Snapdragon 660 AIE,17999,16.94,8,2020/1/15,5000,256,PHANTOM WHITE,20
735,REALME NARZO 30 ,MediaTek Helio G95,16999,16.51,6,2019/5/15,5000,128,Racing Silver,16
736,REALME GT NEO 3T ,Qualcomm Snapdragon 870,34999,16.81,6,2019/5/15,5000,128,Dash Yellow,16
737,REALME GT NEO 3T ,Qualcomm Snapdragon 870,36999,16.81,8,2019/5/15,5000,128,Shade Black,16
738,IQOO NEO 6 5G ,A Bionic Chip,17999,16.81,8,2019/5/16,4700,256,Cyber Rage,5
739,REALME GT NEO 3T ,Qualcomm Snapdragon 870,38999,16.81,8,2019/5/17,5000,256,Dash Yellow,16
740,I KALL 401 PRO DARK BLUE ,Mediatek,6999,15.9,4,2019/5/18,4000,64,Dark Blue,3
741,REALME GT NEO 3T ,Qualcomm Snapdragon 870,38999,16.81,8,2019/5/19,5000,256,Drifting White,16
742,REALME GT NEO 3T ,Qualcomm Snapdragon 870,38999,16.81,8,2019/5/20,5000,256,Shade Black,16
743,REALME GT NEO 3T ,Qualcomm Snapdragon 870,34999,16.81,6,2019/5/21,5000,128,Shade Black,16
744,REALME GT NEO 3T ,Qualcomm Snapdragon 870,34999,16.81,6,2019/5/22,5000,128,Drifting White,16
745,ITEL A27 ,Unisoc 9832E,6999,13.84,2,2019/5/23,4000,32,Crystal Blue,6
746,ITEL A27 ,Unisoc 9832E,6999,13.84,2,2019/5/24,4000,32,Deep Grey,6
747,OPPO F21SPRO ,MediaTek Helio G35,22929,16.33,8,2019/5/25,4500,128,Orange,14
748,POCO M2 PRO ,Qualcomm Snapdragon 720G,17999,16.94,6,2019/5/26,5000,128,Green and Greener,15
749,SAMSUNG GALAXY A23 ,Octa-core(EXYNOS),17999,16.76,8,2022/6/12,5000,128,Blue,17
750,MICROMAX BHARAT 2 PLUS ,SC9832,17999,10.16,1,2022/6/13,1600,8,Champagne,9
751,MOTOROLA EDGE 30 ULTRA ,Qualcomm Snapdragon 8+ Gen 1,69999,16.94,8,2020/4/19,4610,128,Interstellar Black,10
752,REDMI 6 ,2.0 GHz Mediatek P22 Octacore,17999,13.84,3,2020/1/15,3000,32,Gold,20
753,SAMSUNG GALAXY S23 PLUS 5G ,Qualcomm Snapdragon 8 Gen 2,116999,16.76,8,2022/6/12,4700,256,Phantom Black,17
754,REALME 9 PRO+ 5G ,Mediatek Dimensity 920,29999,16.26,8,2019/5/15,4500,128,Sunrise Blue,16
755,SAMSUNG GALAXY F12 ,Exynos 850,13999,16.55,4,2022/6/12,6000,128,Sky Blue,17
756,REALME 3I ,MediaTek Helio P60 Octa Core 2.0 GHz,10999,15.8,4,2019/5/15,4230,64,Diamond Blue,16
757,POCO M2 RELOADED ,MediaTek Helio G80,17999,16.59,4,2019/5/16,5000,64,Greyish Black,15
758,INFINIX HOT 11 2022 ,UniSoc T610,12999,17.02,4,2019/5/17,5000,64,Aurora Green,4
759,IQOO NEO 6 5G ,2.0 GHz Mediatek P22 Octacore,17999,16.81,8,2019/5/18,4700,128,Cyber Rage,5
760,REALME C15 ,Mediatek Helio G35,17999,16.56,3,2019/5/15,6000,32,Power Silver,16
761,MOTO C PLUS ,Mediatek MTK6737 Quad Core 1.3Ghz,17999,12.7,2,2020/4/19,4000,16,Starry Black,10
762,MOTO C PLUS ,Mediatek MTK6737 Quad Core 1.3Ghz,17999,12.7,2,2020/4/19,4000,16,Fine Gold,10
763,APPLE IPHONE 14 PLUS ,"A Bionic Chip,  Core",119900,17.02,3,2021/1/4,4000,512,Starlight,1
764,REDMI NOTE 10S ,Mediatek Helio G95,18999,16.33,6,2020/1/15,5000,128,Deep Sea Blue,20
765,APPLE IPHONE 14 PRO ,"A Bionic Chip,  Core",139900,15.49,3,2021/1/4,5000,256,Space Black,1
766,REDMI 10 PRIME ,Mediatek Helio G95,14999,16.51,4,2020/1/15,6000,64,Phantom Black,20
767,XIAOMI 11LITE NE ,Qualcomm Snapdragon 778G,25490,16.64,8,2020/1/15,4250,128,Jazz Blue,20
768,REDMI NOTE 11 PRO PLUS 5G ,Qualcomm Snapdragon 778G,26499,16.94,8,2020/1/15,5000,128,Mirage Blue,20
769,APPLE IPHONE 12 MINI ,A Bionic Chip with Next Generation Neural Engine,74900,13.72,3,2021/1/4,5000,256,Black,1
770,REALME GT NEO 3 ,Mediatek Dimensity 8100,38999,17.02,8,2019/5/15,5000,128,Asphalt Black,16
771,TECNO SPARK 9 ,MediaTek Helio G37,9498,16.76,3,2023/1/1,5000,64,Sky Mirror,18
772,SAMSUNG GALAXY S23 ULTRA 5G ,Qualcomm Snapdragon 8 Gen 2,149999,17.27,3,2022/6/12,5000,256,Phantom Black,17
773,REDMI 11 PRIME ,Qualcomm Snapdragon 778G,13999,16.71,3,2020/1/15,5000,64,Peppy Purple,20
774,OPPO RENO8 PRO 5G ,Mediatek Dimensity 8100 Max,52999,17.02,3,2020/1/16,4500,256,Glazed Black,14
775,INFINIX HOT 11S ,MediaTek Helio G88,13999,17.22,3,2020/1/17,5000,64,Polar Black,4
776,SAMSUNG GALAXY A53 ,Exynos Octa Core,38990,16.51,3,2020/1/18,5000,128,Awesome Blue,17
777,APPLE IPHONE 14 ,"A Bionic Chip,  Core",109900,15.49,3,2021/1/4,5000,512,Blue,1
778,OPPO A17K ,MTK Helio G35,12999,16.66,3,2021/1/5,5000,64,Gold,14
779,ONEPLUS 10R 5G ,MTK Helio G35,42999,17.02,3,2021/1/6,5000,256,Sierra Black,13
780,OPPO A15S ,MTK Helio G35,11389,16.56,4,2021/1/7,4230,64,Dynamic Black,14
781,SAMSUNG GALAXY A04 ,Mediatek Helio P35,15999,16.51,4,2022/6/12,5000,128,Copper,17
782,REDMI NOTE 9 ,MediaTek Helio G85,16499,16.59,4,2020/1/15,5020,128,Shadow Black,20
783,POCO X2 ,Qualcomm Snapdragon 730G,17999,16.94,8,2020/1/16,4500,256,Matrix Purple,15
784,SAMSUNG GALAXY A13 ,Exynos Octa Core,19990,16.76,4,2020/1/17,5000,128,Blue,17
785,OPPO A74 5G BLACK ,MTK Helio G35,20990,16.48,6,2020/1/18,5000,128,Fluid Black,14
786,I KALL Z20 PRO ,2.0 GHz Mediatek P22 Octacore,10499,16.51,4,2020/1/19,5000,64,Black,3
787,MI 11X PRO 5G ,Qualcomm Snapdragon 888,44999,16.94,8,2020/1/20,4520,128,Celestial Silver,9
788,REDMI NOTE 9 PRO ,QualcommÂ® Snapdragon_ 720G,17999,16.94,4,2020/1/15,5020,64,Interstellar Black,20
789,APPLE IPHONE 12 MINI ,A Bionic Chip with Next Generation Neural Engine,74900,13.72,3,2021/1/4,5020,256,Blue,1
790,APPLE IPHONE 14 PRO ,"A Bionic Chip,  Core",139900,15.49,3,2021/1/4,5020,256,Deep Purple,1
791,OPPO A96 ,Qualcomm Snapdragon 680,23999,16.74,8,2021/1/5,5000,128,Starry Black,14
792,SAMSUNG GALAXY F23 5G ,Exynos Octa Core,18999,16.76,6,2022/6/12,5000,128,Copper Blush,17
793,REDMI 8 ,Qualcomm Snapdragon 439,10999,15.8,4,2020/1/15,5000,64,Sapphire Blue,20
794,IQOO 9T 5G ,2.0 GHz Mediatek P22 Octacore,17999,17.22,8,2020/1/16,4700,128,LEGEND,5
795,INFINIX HOT 11S ,MediaTek Helio G88,13999,17.22,4,2020/1/17,5000,64,Green Wave,4
796,SAMSUNG GALAXY Z FLIP3 5G ,Qualcomm Snapdragon 888 Octa-Core,95999,17.02,8,2022/6/12,3300,128,Phantom Black,17
797,REDMI 9 ACTIV ,Mediatek Helio G35,17999,16.59,6,2020/1/15,5000,128,Metallic Purple,20
798,APPLE IPHONE 14 PRO MAX ,"A Bionic Chip,  Core",139900,17.02,3,2021/1/4,5000,128,Silver,1
799,REALME X50 PRO ,2.0 GHz Mediatek P22 Octacore,17999,16.36,6,2019/5/15,5000,256,Moss Green,16
800,REALME X50 PRO ,2.0 GHz Mediatek P22 Octacore,17999,16.36,8,2019/5/15,4200,128,Moss Green,16
801,NOKIA C21 PLUS ,Octa Core,12999,16.69,4,2018/1/11,5050,64,Warm Grey,11
802,IQOO 9T 5G ,2.0 GHz Mediatek P22 Octacore,17999,17.22,8,2018/1/12,4700,128,LEGEND,5
803,APPLE IPHONE 12 ,A Bionic Chip with Next Generation Neural Engine,74900,15.49,3,2021/1/4,4700,256,Red,1
804,SAMSUNG GALAXY S22 PLUS 5G ,Qualcomm Snapdragon 8 Gen 1,101999,16.76,8,2022/6/12,4700,128,Green,17
805,VIVO V25 5G ,Mediatek Dimensity 900,36999,16.36,8,2021/1/15,4500,256,Surfing Blue,19
806,MI 11 LITE ,Qualcomm Snapdragon 732G,25999,16.64,8,2021/1/16,4250,128,Vinyl Black,9
807,REDMI NOTE 10S ,Mediatek Helio G95,16999,16.33,6,2020/1/15,5000,64,Shadow Black,20
808,SAMSUNG GALAXY A03 ,Unisoc UMS9230,14499,16.51,4,2022/6/12,5000,64,Red,17
809,XIAOMI 11I 5G ,Mediatek Dimensity 920,29999,16.94,6,2020/1/15,5160,128,Purple Mist,20
810,ITEL A23 PRO ,Unisoc 9832E Quad Core,17999,12.7,1,2020/1/16,2400,8,Lake Blue,6
811,ITEL A25 ,Cortex A53 architecture (Quad core),17999,12.7,1,2020/1/17,3020,16,Gradation Green,6
812,XIAOMI 12 PRO 5G ,Snapdragon@ 8 Gen 1,79990,17.09,8,2020/1/15,4600,256,Couture Blue,20
813,REDMI NOTE 5 PRO ,Qualcomm Snapdragon 636,17999,15.21,4,2020/1/15,4000,64,Gold,20
814,REDMI 8A DUAL ,Qualcomm Snapdragon 439,17999,15.8,2,2020/1/15,5000,32,Sky White,20
815,POCO C3 ,Mediatek Helio G35,17999,16.59,3,2020/1/16,5000,32,Matte Black,15
816,OPPO A54 ,MediaTek Helio P35,17999,16.54,6,2020/1/17,5000,128,Moonlight Gold,14
817,SAMSUNG GALAXY S20 FE ,Exynos Octa Core,65999,16.51,8,2022/6/12,4500,128,Cloud Lavender,17
818,SAMSUNG GALAXY A04 ,Mediatek Helio P35,15999,16.51,4,2022/6/12,5000,128,Green,17
819,SAMSUNG GALAXY A33 ,Exynos 1280,33990,16.26,8,2022/6/12,5000,128,Awesome Blue,17
820,APPLE IPHONE 13 ,A Bionic Chip,99900,15.49,3,2021/1/4,5000,128,Awesome Blue,1
821,ITEL VISION3 TURBO ,Cortex A53 architecture (Quad core),8999,16.76,3,2021/1/5,5000,64,Multi Green,6
822,MI 10T ,Qualcomm Snapdragon 865,42999,16.94,8,2021/1/6,5000,128,Cosmic Black,9
823,REALME NARZO 30 5G ,MediaTek Dimensity 700 (MT6833),17999,16.51,6,2019/5/15,5000,128,Racing Silver,16
824,OPPO A96 ,Qualcomm Snapdragon 680,23999,16.74,8,2019/5/16,5000,128,Sunset Blue,14
825,REALME GT NEO 3 ,Mediatek Dimensity 8100,38999,17.02,8,2019/5/15,5000,128,Nitro Blue,16
826,XIAOMI 12 PRO 5G ,Snapdragon@ 8 Gen 1,79990,17.09,8,2020/1/15,4600,256,Opera Mauve,20
827,XIAOMI 11T PRO 5G HYPERPHONE ,Snapdragon@ 8 Gen 1,35899,16.94,8,2020/1/15,5000,128,Celestial Magic,20
828,REDMI NOTE 10 PRO MAX ,Qualcomm Snapdragon 732G,22999,16.94,6,2020/1/15,5020,128,Glacial Blue,20
829,POCO M2 PRO ,Qualcomm Snapdragon 720G,17999,16.94,6,2020/1/16,5000,64,Out of the Blue,15
830,TECNO SPARK 7 ,Helio A25,8999,16.56,2,2020/1/17,6000,32,Spruce Green,18
831,POCO X2 ,Qualcomm Snapdragon 730G,17999,16.94,6,2020/1/18,4500,64,Matrix Purple,15
832,REALME GT NEO 2 ,Qualcomm Snapdragon 870,38999,16.81,6,2019/5/15,5000,256,NEO Blue,16
833,REALME GT NEO 2 ,Qualcomm Snapdragon 870,38999,16.81,6,2019/5/15,5000,256,NEO Black,16
834,REALME GT NEO 2 ,Qualcomm Snapdragon 870,34999,16.81,8,2019/5/15,5000,128,NEO Black,16
835,REALME X50 PRO ,2.0 GHz Mediatek P22 Octacore,17999,16.36,8,2019/5/15,4200,128,Rust Red,16
836,POCO M2 PRO ,Qualcomm Snapdragon 720G,17999,16.94,6,2019/5/16,5000,64,Two Shades of Black,15